date,origin_code,cargo_type,rate_usd_per_tonne,data_status
2022-09-13,AUNTL,Coal,14.955,SYNTHETIC
2022-09-20,AUNTL,Coal,14.741,SYNTHETIC
2022-09-27,AUNTL,Coal,14.474,SYNTHETIC
2022-10-04,AUNTL,Coal,14.41,SYNTHETIC
2022-10-11,AUNTL,Coal,14.432,SYNTHETIC
2022-10-18,AUNTL,Coal,14.238,SYNTHETIC
2022-10-25,AUNTL,Coal,14.14,SYNTHETIC
2022-11-01,AUNTL,Coal,14.431,SYNTHETIC
2022-11-08,AUNTL,Coal,15.57,SYNTHETIC
2022-11-15,AUNTL,Coal,15.748,SYNTHETIC
2022-11-22,AUNTL,Coal,15.18,SYNTHETIC
2022-11-29,AUNTL,Coal,15.225,SYNTHETIC
2022-12-06,AUNTL,Coal,16.306,SYNTHETIC
2022-12-13,AUNTL,Coal,16.568,SYNTHETIC
2022-12-20,AUNTL,Coal,16.12,SYNTHETIC
2022-12-27,AUNTL,Coal,16.086,SYNTHETIC
2023-01-03,AUNTL,Coal,15.717,SYNTHETIC
2023-01-10,AUNTL,Coal,15.812,SYNTHETIC
2023-01-17,AUNTL,Coal,16.976,SYNTHETIC
2023-01-24,AUNTL,Coal,17.702,SYNTHETIC
2023-01-31,AUNTL,Coal,17.566,SYNTHETIC
2023-02-07,AUNTL,Coal,17.248,SYNTHETIC
2023-02-14,AUNTL,Coal,16.734,SYNTHETIC
2023-02-21,AUNTL,Coal,17.536,SYNTHETIC
2023-02-28,AUNTL,Coal,17.452,SYNTHETIC
2023-03-07,AUNTL,Coal,18.509,SYNTHETIC
2023-03-14,AUNTL,Coal,18.308,SYNTHETIC
2023-03-21,AUNTL,Coal,17.905,SYNTHETIC
2023-03-28,AUNTL,Coal,18.068,SYNTHETIC
2023-04-04,AUNTL,Coal,17.438,SYNTHETIC
2023-04-11,AUNTL,Coal,17.011,SYNTHETIC
2023-04-18,AUNTL,Coal,16.795,SYNTHETIC
2023-04-25,AUNTL,Coal,16.801,SYNTHETIC
2023-05-02,AUNTL,Coal,16.355,SYNTHETIC
2023-05-09,AUNTL,Coal,16.11,SYNTHETIC
2023-05-16,AUNTL,Coal,16.146,SYNTHETIC
2023-05-23,AUNTL,Coal,16.261,SYNTHETIC
2023-05-30,AUNTL,Coal,16.146,SYNTHETIC
2023-06-06,AUNTL,Coal,15.33,SYNTHETIC
2023-06-13,AUNTL,Coal,14.85,SYNTHETIC
2023-06-20,AUNTL,Coal,15.875,SYNTHETIC
2023-06-27,AUNTL,Coal,15.606,SYNTHETIC
2023-07-04,AUNTL,Coal,15.721,SYNTHETIC
2023-07-11,AUNTL,Coal,16.459,SYNTHETIC
2023-07-18,AUNTL,Coal,16.741,SYNTHETIC
2023-07-25,AUNTL,Coal,17.589,SYNTHETIC
2023-08-01,AUNTL,Coal,16.513,SYNTHETIC
2023-08-08,AUNTL,Coal,15.366,SYNTHETIC
2023-08-15,AUNTL,Coal,15.067,SYNTHETIC
2023-08-22,AUNTL,Coal,14.447,SYNTHETIC
2023-08-29,AUNTL,Coal,14.881,SYNTHETIC
2023-09-05,AUNTL,Coal,16.2,SYNTHETIC
2023-09-12,AUNTL,Coal,16.219,SYNTHETIC
2023-09-19,AUNTL,Coal,15.675,SYNTHETIC
2023-09-26,AUNTL,Coal,15.459,SYNTHETIC
2023-10-03,AUNTL,Coal,15.893,SYNTHETIC
2023-10-10,AUNTL,Coal,14.878,SYNTHETIC
2023-10-17,AUNTL,Coal,14.869,SYNTHETIC
2023-10-24,AUNTL,Coal,16.069,SYNTHETIC
2023-10-31,AUNTL,Coal,16.094,SYNTHETIC
2023-11-07,AUNTL,Coal,16.57,SYNTHETIC
2023-11-14,AUNTL,Coal,16.363,SYNTHETIC
2023-11-21,AUNTL,Coal,16.335,SYNTHETIC
2023-11-28,AUNTL,Coal,15.573,SYNTHETIC
2023-12-05,AUNTL,Coal,16.358,SYNTHETIC
2023-12-12,AUNTL,Coal,16.05,SYNTHETIC
2023-12-19,AUNTL,Coal,14.987,SYNTHETIC
2023-12-26,AUNTL,Coal,15.024,SYNTHETIC
2024-01-02,AUNTL,Coal,15.508,SYNTHETIC
2024-01-09,AUNTL,Coal,15.264,SYNTHETIC
2024-01-16,AUNTL,Coal,16.151,SYNTHETIC
2024-01-23,AUNTL,Coal,15.798,SYNTHETIC
2024-01-30,AUNTL,Coal,16.436,SYNTHETIC
2024-02-06,AUNTL,Coal,16.118,SYNTHETIC
2024-02-13,AUNTL,Coal,15.911,SYNTHETIC
2024-02-20,AUNTL,Coal,15.279,SYNTHETIC
2024-02-27,AUNTL,Coal,14.771,SYNTHETIC
2024-03-05,AUNTL,Coal,15.563,SYNTHETIC
2024-03-12,AUNTL,Coal,14.752,SYNTHETIC
2024-03-19,AUNTL,Coal,15.61,SYNTHETIC
2024-03-26,AUNTL,Coal,15.864,SYNTHETIC
2024-04-02,AUNTL,Coal,14.766,SYNTHETIC
2024-04-09,AUNTL,Coal,14.602,SYNTHETIC
2024-04-16,AUNTL,Coal,14.163,SYNTHETIC
2024-04-23,AUNTL,Coal,14.346,SYNTHETIC
2024-04-30,AUNTL,Coal,13.731,SYNTHETIC
2024-05-07,AUNTL,Coal,13.393,SYNTHETIC
2024-05-14,AUNTL,Coal,13.522,SYNTHETIC
2024-05-21,AUNTL,Coal,13.414,SYNTHETIC
2024-05-28,AUNTL,Coal,14.682,SYNTHETIC
2024-06-04,AUNTL,Coal,15.049,SYNTHETIC
2024-06-11,AUNTL,Coal,14.884,SYNTHETIC
2024-06-18,AUNTL,Coal,15.392,SYNTHETIC
2024-06-25,AUNTL,Coal,14.727,SYNTHETIC
2024-07-02,AUNTL,Coal,14.064,SYNTHETIC
2024-07-09,AUNTL,Coal,14.268,SYNTHETIC
2024-07-16,AUNTL,Coal,15.017,SYNTHETIC
2024-07-23,AUNTL,Coal,13.925,SYNTHETIC
2024-07-30,AUNTL,Coal,14.266,SYNTHETIC
2024-08-06,AUNTL,Coal,13.255,SYNTHETIC
2024-08-13,AUNTL,Coal,13.645,SYNTHETIC
2024-08-20,AUNTL,Coal,13.549,SYNTHETIC
2024-08-27,AUNTL,Coal,12.884,SYNTHETIC
2024-09-03,AUNTL,Coal,13.042,SYNTHETIC
2024-09-10,AUNTL,Coal,12.219,SYNTHETIC
2024-09-17,AUNTL,Coal,12.922,SYNTHETIC
2024-09-24,AUNTL,Coal,13.641,SYNTHETIC
2024-10-01,AUNTL,Coal,13.721,SYNTHETIC
2024-10-08,AUNTL,Coal,12.89,SYNTHETIC
2024-10-15,AUNTL,Coal,13.444,SYNTHETIC
2024-10-22,AUNTL,Coal,13.713,SYNTHETIC
2024-10-29,AUNTL,Coal,13.151,SYNTHETIC
2024-11-05,AUNTL,Coal,13.741,SYNTHETIC
2024-11-12,AUNTL,Coal,13.505,SYNTHETIC
2024-11-19,AUNTL,Coal,14.025,SYNTHETIC
2024-11-26,AUNTL,Coal,14.297,SYNTHETIC
2024-12-03,AUNTL,Coal,14.991,SYNTHETIC
2024-12-10,AUNTL,Coal,15.615,SYNTHETIC
2024-12-17,AUNTL,Coal,16.537,SYNTHETIC
2024-12-24,AUNTL,Coal,16.697,SYNTHETIC
2024-12-31,AUNTL,Coal,16.52,SYNTHETIC
2025-01-07,AUNTL,Coal,16.577,SYNTHETIC
2025-01-14,AUNTL,Coal,15.006,SYNTHETIC
2025-01-21,AUNTL,Coal,15.268,SYNTHETIC
2025-01-28,AUNTL,Coal,16.151,SYNTHETIC
2025-02-04,AUNTL,Coal,15.455,SYNTHETIC
2025-02-11,AUNTL,Coal,15.863,SYNTHETIC
2025-02-18,AUNTL,Coal,14.627,SYNTHETIC
2025-02-25,AUNTL,Coal,14.224,SYNTHETIC
2025-03-04,AUNTL,Coal,14.358,SYNTHETIC
2025-03-11,AUNTL,Coal,14.351,SYNTHETIC
2025-03-18,AUNTL,Coal,13.433,SYNTHETIC
2025-03-25,AUNTL,Coal,12.553,SYNTHETIC
2025-04-01,AUNTL,Coal,12.4,SYNTHETIC
2025-04-08,AUNTL,Coal,13.385,SYNTHETIC
2025-04-15,AUNTL,Coal,13.967,SYNTHETIC
2025-04-22,AUNTL,Coal,14.11,SYNTHETIC
2025-04-29,AUNTL,Coal,14.765,SYNTHETIC
2025-05-06,AUNTL,Coal,14.626,SYNTHETIC
2025-05-13,AUNTL,Coal,14.249,SYNTHETIC
2025-05-20,AUNTL,Coal,14.581,SYNTHETIC
2025-05-27,AUNTL,Coal,13.969,SYNTHETIC
2025-06-03,AUNTL,Coal,13.92,SYNTHETIC
2025-06-10,AUNTL,Coal,13.786,SYNTHETIC
2025-06-17,AUNTL,Coal,13.916,SYNTHETIC
2025-06-24,AUNTL,Coal,13.922,SYNTHETIC
2025-07-01,AUNTL,Coal,13.2,SYNTHETIC
2025-07-08,AUNTL,Coal,12.925,SYNTHETIC
2025-07-15,AUNTL,Coal,13.607,SYNTHETIC
2025-07-22,AUNTL,Coal,13.348,SYNTHETIC
2025-07-29,AUNTL,Coal,12.179,SYNTHETIC
2025-08-05,AUNTL,Coal,11.325,SYNTHETIC
2025-08-12,AUNTL,Coal,11.896,SYNTHETIC
2025-08-19,AUNTL,Coal,12.544,SYNTHETIC
2025-08-26,AUNTL,Coal,11.525,SYNTHETIC
2025-09-02,AUNTL,Coal,11.362,SYNTHETIC
2025-09-09,AUNTL,Coal,11.933,SYNTHETIC
2025-09-16,AUNTL,Coal,12.899,SYNTHETIC
2025-09-23,AUNTL,Coal,12.789,SYNTHETIC
2025-09-30,AUNTL,Coal,12.398,SYNTHETIC
2025-10-07,AUNTL,Coal,13.12,SYNTHETIC
2025-10-14,AUNTL,Coal,12.479,SYNTHETIC
2025-10-21,AUNTL,Coal,12.548,SYNTHETIC
2025-10-28,AUNTL,Coal,12.55,SYNTHETIC
2025-11-04,AUNTL,Coal,17.321,SYNTHETIC
2025-11-11,AUNTL,Coal,15.201,SYNTHETIC
2025-11-18,AUNTL,Coal,14.812,SYNTHETIC
2025-11-25,AUNTL,Coal,14.071,SYNTHETIC
2025-12-02,AUNTL,Coal,14.409,SYNTHETIC
2025-12-09,AUNTL,Coal,15.455,SYNTHETIC
2025-12-16,AUNTL,Coal,14.414,SYNTHETIC
2025-12-23,AUNTL,Coal,14.774,SYNTHETIC
2025-12-30,AUNTL,Coal,14.805,SYNTHETIC
2026-01-06,AUNTL,Coal,14.871,SYNTHETIC
2026-01-13,AUNTL,Coal,14.066,SYNTHETIC
2026-01-20,AUNTL,Coal,14.344,SYNTHETIC
2026-01-27,AUNTL,Coal,14.624,SYNTHETIC
2026-02-03,AUNTL,Coal,14.47,SYNTHETIC
2026-02-10,AUNTL,Coal,13.873,SYNTHETIC
2026-02-17,AUNTL,Coal,15.036,SYNTHETIC
2026-02-24,AUNTL,Coal,16.38,SYNTHETIC
2026-03-03,AUNTL,Coal,16.021,SYNTHETIC
2026-03-10,AUNTL,Coal,14.788,SYNTHETIC
2026-03-17,AUNTL,Coal,14.81,SYNTHETIC
2026-03-24,AUNTL,Coal,13.725,SYNTHETIC
2026-03-31,AUNTL,Coal,13.925,SYNTHETIC
2026-04-07,AUNTL,Coal,13.488,SYNTHETIC
2026-04-14,AUNTL,Coal,13.13,SYNTHETIC
2026-04-21,AUNTL,Coal,12.706,SYNTHETIC
2026-04-28,AUNTL,Coal,12.84,SYNTHETIC
2026-05-05,AUNTL,Coal,12.421,SYNTHETIC
2026-05-12,AUNTL,Coal,12.183,SYNTHETIC
2026-05-19,AUNTL,Coal,12.524,SYNTHETIC
2026-05-26,AUNTL,Coal,12.991,SYNTHETIC
2026-06-02,AUNTL,Coal,12.729,SYNTHETIC
2026-06-09,AUNTL,Coal,13.147,SYNTHETIC
2026-06-16,AUNTL,Coal,13.805,SYNTHETIC
2026-06-23,AUNTL,Coal,13.543,SYNTHETIC
2026-06-30,AUNTL,Coal,13.588,SYNTHETIC
2026-07-07,AUNTL,Coal,13.493,SYNTHETIC
2026-07-14,AUNTL,Coal,12.199,SYNTHETIC
2026-07-21,AUNTL,Coal,13.664,SYNTHETIC
2026-07-28,AUNTL,Coal,13.914,SYNTHETIC
2026-08-04,AUNTL,Coal,13.027,SYNTHETIC
2026-08-11,AUNTL,Coal,12.286,SYNTHETIC
2026-08-18,AUNTL,Coal,12.411,SYNTHETIC
2026-08-25,AUNTL,Coal,13.001,SYNTHETIC
2026-09-01,AUNTL,Coal,12.768,SYNTHETIC
2022-09-13,AUNTL,Iron Ore,10.319,SYNTHETIC
2022-09-20,AUNTL,Iron Ore,10.09,SYNTHETIC
2022-09-27,AUNTL,Iron Ore,10.489,SYNTHETIC
2022-10-04,AUNTL,Iron Ore,10.937,SYNTHETIC
2022-10-11,AUNTL,Iron Ore,10.346,SYNTHETIC
2022-10-18,AUNTL,Iron Ore,10.027,SYNTHETIC
2022-10-25,AUNTL,Iron Ore,10.522,SYNTHETIC
2022-11-01,AUNTL,Iron Ore,10.681,SYNTHETIC
2022-11-08,AUNTL,Iron Ore,10.61,SYNTHETIC
2022-11-15,AUNTL,Iron Ore,10.644,SYNTHETIC
2022-11-22,AUNTL,Iron Ore,10.804,SYNTHETIC
2022-11-29,AUNTL,Iron Ore,10.2,SYNTHETIC
2022-12-06,AUNTL,Iron Ore,10.766,SYNTHETIC
2022-12-13,AUNTL,Iron Ore,11.545,SYNTHETIC
2022-12-20,AUNTL,Iron Ore,11.345,SYNTHETIC
2022-12-27,AUNTL,Iron Ore,10.871,SYNTHETIC
2023-01-03,AUNTL,Iron Ore,11.053,SYNTHETIC
2023-01-10,AUNTL,Iron Ore,12.177,SYNTHETIC
2023-01-17,AUNTL,Iron Ore,12.052,SYNTHETIC
2023-01-24,AUNTL,Iron Ore,12.904,SYNTHETIC
2023-01-31,AUNTL,Iron Ore,12.817,SYNTHETIC
2023-02-07,AUNTL,Iron Ore,12.972,SYNTHETIC
2023-02-14,AUNTL,Iron Ore,12.779,SYNTHETIC
2023-02-21,AUNTL,Iron Ore,12.929,SYNTHETIC
2023-02-28,AUNTL,Iron Ore,12.023,SYNTHETIC
2023-03-07,AUNTL,Iron Ore,11.43,SYNTHETIC
2023-03-14,AUNTL,Iron Ore,11.129,SYNTHETIC
2023-03-21,AUNTL,Iron Ore,11.381,SYNTHETIC
2023-03-28,AUNTL,Iron Ore,10.997,SYNTHETIC
2023-04-04,AUNTL,Iron Ore,10.81,SYNTHETIC
2023-04-11,AUNTL,Iron Ore,10.937,SYNTHETIC
2023-04-18,AUNTL,Iron Ore,10.421,SYNTHETIC
2023-04-25,AUNTL,Iron Ore,10.208,SYNTHETIC
2023-05-02,AUNTL,Iron Ore,9.296,SYNTHETIC
2023-05-09,AUNTL,Iron Ore,9.776,SYNTHETIC
2023-05-16,AUNTL,Iron Ore,9.187,SYNTHETIC
2023-05-23,AUNTL,Iron Ore,9.891,SYNTHETIC
2023-05-30,AUNTL,Iron Ore,10.718,SYNTHETIC
2023-06-06,AUNTL,Iron Ore,11.081,SYNTHETIC
2023-06-13,AUNTL,Iron Ore,11.096,SYNTHETIC
2023-06-20,AUNTL,Iron Ore,10.63,SYNTHETIC
2023-06-27,AUNTL,Iron Ore,10.841,SYNTHETIC
2023-07-04,AUNTL,Iron Ore,10.954,SYNTHETIC
2023-07-11,AUNTL,Iron Ore,11.415,SYNTHETIC
2023-07-18,AUNTL,Iron Ore,10.684,SYNTHETIC
2023-07-25,AUNTL,Iron Ore,11.255,SYNTHETIC
2023-08-01,AUNTL,Iron Ore,11.146,SYNTHETIC
2023-08-08,AUNTL,Iron Ore,11.381,SYNTHETIC
2023-08-15,AUNTL,Iron Ore,11.332,SYNTHETIC
2023-08-22,AUNTL,Iron Ore,11.261,SYNTHETIC
2023-08-29,AUNTL,Iron Ore,11.791,SYNTHETIC
2023-09-05,AUNTL,Iron Ore,11.961,SYNTHETIC
2023-09-12,AUNTL,Iron Ore,11.674,SYNTHETIC
2023-09-19,AUNTL,Iron Ore,11.672,SYNTHETIC
2023-09-26,AUNTL,Iron Ore,11.35,SYNTHETIC
2023-10-03,AUNTL,Iron Ore,12.56,SYNTHETIC
2023-10-10,AUNTL,Iron Ore,11.772,SYNTHETIC
2023-10-17,AUNTL,Iron Ore,11.097,SYNTHETIC
2023-10-24,AUNTL,Iron Ore,11.691,SYNTHETIC
2023-10-31,AUNTL,Iron Ore,11.724,SYNTHETIC
2023-11-07,AUNTL,Iron Ore,12.955,SYNTHETIC
2023-11-14,AUNTL,Iron Ore,13.561,SYNTHETIC
2023-11-21,AUNTL,Iron Ore,13.64,SYNTHETIC
2023-11-28,AUNTL,Iron Ore,13.169,SYNTHETIC
2023-12-05,AUNTL,Iron Ore,12.74,SYNTHETIC
2023-12-12,AUNTL,Iron Ore,12.719,SYNTHETIC
2023-12-19,AUNTL,Iron Ore,12.898,SYNTHETIC
2023-12-26,AUNTL,Iron Ore,13.428,SYNTHETIC
2024-01-02,AUNTL,Iron Ore,14.251,SYNTHETIC
2024-01-09,AUNTL,Iron Ore,14.329,SYNTHETIC
2024-01-16,AUNTL,Iron Ore,14.126,SYNTHETIC
2024-01-23,AUNTL,Iron Ore,15.493,SYNTHETIC
2024-01-30,AUNTL,Iron Ore,12.839,SYNTHETIC
2024-02-06,AUNTL,Iron Ore,12.066,SYNTHETIC
2024-02-13,AUNTL,Iron Ore,11.783,SYNTHETIC
2024-02-20,AUNTL,Iron Ore,12.695,SYNTHETIC
2024-02-27,AUNTL,Iron Ore,13.681,SYNTHETIC
2024-03-05,AUNTL,Iron Ore,12.424,SYNTHETIC
2024-03-12,AUNTL,Iron Ore,12.803,SYNTHETIC
2024-03-19,AUNTL,Iron Ore,12.409,SYNTHETIC
2024-03-26,AUNTL,Iron Ore,12.891,SYNTHETIC
2024-04-02,AUNTL,Iron Ore,12.384,SYNTHETIC
2024-04-09,AUNTL,Iron Ore,12.241,SYNTHETIC
2024-04-16,AUNTL,Iron Ore,12.062,SYNTHETIC
2024-04-23,AUNTL,Iron Ore,12.586,SYNTHETIC
2024-04-30,AUNTL,Iron Ore,12.496,SYNTHETIC
2024-05-07,AUNTL,Iron Ore,13.079,SYNTHETIC
2024-05-14,AUNTL,Iron Ore,13.578,SYNTHETIC
2024-05-21,AUNTL,Iron Ore,14.257,SYNTHETIC
2024-05-28,AUNTL,Iron Ore,12.962,SYNTHETIC
2024-06-04,AUNTL,Iron Ore,12.466,SYNTHETIC
2024-06-11,AUNTL,Iron Ore,13.087,SYNTHETIC
2024-06-18,AUNTL,Iron Ore,12.553,SYNTHETIC
2024-06-25,AUNTL,Iron Ore,13.111,SYNTHETIC
2024-07-02,AUNTL,Iron Ore,11.969,SYNTHETIC
2024-07-09,AUNTL,Iron Ore,11.213,SYNTHETIC
2024-07-16,AUNTL,Iron Ore,11.075,SYNTHETIC
2024-07-23,AUNTL,Iron Ore,10.98,SYNTHETIC
2024-07-30,AUNTL,Iron Ore,11.196,SYNTHETIC
2024-08-06,AUNTL,Iron Ore,11.452,SYNTHETIC
2024-08-13,AUNTL,Iron Ore,11.476,SYNTHETIC
2024-08-20,AUNTL,Iron Ore,11.334,SYNTHETIC
2024-08-27,AUNTL,Iron Ore,11.863,SYNTHETIC
2024-09-03,AUNTL,Iron Ore,12.031,SYNTHETIC
2024-09-10,AUNTL,Iron Ore,11.69,SYNTHETIC
2024-09-17,AUNTL,Iron Ore,11.919,SYNTHETIC
2024-09-24,AUNTL,Iron Ore,12.081,SYNTHETIC
2024-10-01,AUNTL,Iron Ore,12.605,SYNTHETIC
2024-10-08,AUNTL,Iron Ore,12.298,SYNTHETIC
2024-10-15,AUNTL,Iron Ore,11.779,SYNTHETIC
2024-10-22,AUNTL,Iron Ore,11.531,SYNTHETIC
2024-10-29,AUNTL,Iron Ore,11.258,SYNTHETIC
2024-11-05,AUNTL,Iron Ore,11.386,SYNTHETIC
2024-11-12,AUNTL,Iron Ore,11.714,SYNTHETIC
2024-11-19,AUNTL,Iron Ore,13.295,SYNTHETIC
2024-11-26,AUNTL,Iron Ore,12.694,SYNTHETIC
2024-12-03,AUNTL,Iron Ore,12.833,SYNTHETIC
2024-12-10,AUNTL,Iron Ore,12.386,SYNTHETIC
2024-12-17,AUNTL,Iron Ore,12.659,SYNTHETIC
2024-12-24,AUNTL,Iron Ore,12.556,SYNTHETIC
2024-12-31,AUNTL,Iron Ore,12.447,SYNTHETIC
2025-01-07,AUNTL,Iron Ore,13.544,SYNTHETIC
2025-01-14,AUNTL,Iron Ore,13.473,SYNTHETIC
2025-01-21,AUNTL,Iron Ore,13.493,SYNTHETIC
2025-01-28,AUNTL,Iron Ore,14.564,SYNTHETIC
2025-02-04,AUNTL,Iron Ore,14.273,SYNTHETIC
2025-02-11,AUNTL,Iron Ore,14.867,SYNTHETIC
2025-02-18,AUNTL,Iron Ore,14.149,SYNTHETIC
2025-02-25,AUNTL,Iron Ore,14.126,SYNTHETIC
2025-03-04,AUNTL,Iron Ore,14.252,SYNTHETIC
2025-03-11,AUNTL,Iron Ore,14.206,SYNTHETIC
2025-03-18,AUNTL,Iron Ore,13.348,SYNTHETIC
2025-03-25,AUNTL,Iron Ore,13.306,SYNTHETIC
2025-04-01,AUNTL,Iron Ore,13.001,SYNTHETIC
2025-04-08,AUNTL,Iron Ore,12.9,SYNTHETIC
2025-04-15,AUNTL,Iron Ore,13.188,SYNTHETIC
2025-04-22,AUNTL,Iron Ore,12.952,SYNTHETIC
2025-04-29,AUNTL,Iron Ore,13.21,SYNTHETIC
2025-05-06,AUNTL,Iron Ore,12.532,SYNTHETIC
2025-05-13,AUNTL,Iron Ore,13.069,SYNTHETIC
2025-05-20,AUNTL,Iron Ore,14.087,SYNTHETIC
2025-05-27,AUNTL,Iron Ore,13.304,SYNTHETIC
2025-06-03,AUNTL,Iron Ore,13.556,SYNTHETIC
2025-06-10,AUNTL,Iron Ore,12.791,SYNTHETIC
2025-06-17,AUNTL,Iron Ore,12.805,SYNTHETIC
2025-06-24,AUNTL,Iron Ore,12.463,SYNTHETIC
2025-07-01,AUNTL,Iron Ore,11.515,SYNTHETIC
2025-07-08,AUNTL,Iron Ore,12.286,SYNTHETIC
2025-07-15,AUNTL,Iron Ore,12.045,SYNTHETIC
2025-07-22,AUNTL,Iron Ore,12.4,SYNTHETIC
2025-07-29,AUNTL,Iron Ore,12.459,SYNTHETIC
2025-08-05,AUNTL,Iron Ore,12.027,SYNTHETIC
2025-08-12,AUNTL,Iron Ore,11.611,SYNTHETIC
2025-08-19,AUNTL,Iron Ore,12.333,SYNTHETIC
2025-08-26,AUNTL,Iron Ore,12.806,SYNTHETIC
2025-09-02,AUNTL,Iron Ore,12.718,SYNTHETIC
2025-09-09,AUNTL,Iron Ore,12.356,SYNTHETIC
2025-09-16,AUNTL,Iron Ore,12.025,SYNTHETIC
2025-09-23,AUNTL,Iron Ore,12.277,SYNTHETIC
2025-09-30,AUNTL,Iron Ore,12.48,SYNTHETIC
2025-10-07,AUNTL,Iron Ore,13.066,SYNTHETIC
2025-10-14,AUNTL,Iron Ore,13.319,SYNTHETIC
2025-10-21,AUNTL,Iron Ore,12.452,SYNTHETIC
2025-10-28,AUNTL,Iron Ore,13.471,SYNTHETIC
2025-11-04,AUNTL,Iron Ore,13.068,SYNTHETIC
2025-11-11,AUNTL,Iron Ore,12.73,SYNTHETIC
2025-11-18,AUNTL,Iron Ore,13.218,SYNTHETIC
2025-11-25,AUNTL,Iron Ore,12.697,SYNTHETIC
2025-12-02,AUNTL,Iron Ore,13.058,SYNTHETIC
2025-12-09,AUNTL,Iron Ore,12.894,SYNTHETIC
2025-12-16,AUNTL,Iron Ore,12.186,SYNTHETIC
2025-12-23,AUNTL,Iron Ore,13.558,SYNTHETIC
2025-12-30,AUNTL,Iron Ore,13.508,SYNTHETIC
2026-01-06,AUNTL,Iron Ore,13.696,SYNTHETIC
2026-01-13,AUNTL,Iron Ore,14.668,SYNTHETIC
2026-01-20,AUNTL,Iron Ore,14.294,SYNTHETIC
2026-01-27,AUNTL,Iron Ore,13.45,SYNTHETIC
2026-02-03,AUNTL,Iron Ore,12.677,SYNTHETIC
2026-02-10,AUNTL,Iron Ore,13.841,SYNTHETIC
2026-02-17,AUNTL,Iron Ore,13.88,SYNTHETIC
2026-02-24,AUNTL,Iron Ore,13.35,SYNTHETIC
2026-03-03,AUNTL,Iron Ore,13.218,SYNTHETIC
2026-03-10,AUNTL,Iron Ore,13.552,SYNTHETIC
2026-03-17,AUNTL,Iron Ore,12.828,SYNTHETIC
2026-03-24,AUNTL,Iron Ore,14.552,SYNTHETIC
2026-03-31,AUNTL,Iron Ore,14.372,SYNTHETIC
2026-04-07,AUNTL,Iron Ore,14.898,SYNTHETIC
2026-04-14,AUNTL,Iron Ore,15.388,SYNTHETIC
2026-04-21,AUNTL,Iron Ore,15.324,SYNTHETIC
2026-04-28,AUNTL,Iron Ore,14.482,SYNTHETIC
2026-05-05,AUNTL,Iron Ore,14.452,SYNTHETIC
2026-05-12,AUNTL,Iron Ore,14.717,SYNTHETIC
2026-05-19,AUNTL,Iron Ore,14.118,SYNTHETIC
2026-05-26,AUNTL,Iron Ore,14.245,SYNTHETIC
2026-06-02,AUNTL,Iron Ore,13.958,SYNTHETIC
2026-06-09,AUNTL,Iron Ore,14.568,SYNTHETIC
2026-06-16,AUNTL,Iron Ore,14.162,SYNTHETIC
2026-06-23,AUNTL,Iron Ore,13.706,SYNTHETIC
2026-06-30,AUNTL,Iron Ore,14.665,SYNTHETIC
2026-07-07,AUNTL,Iron Ore,14.23,SYNTHETIC
2026-07-14,AUNTL,Iron Ore,13.976,SYNTHETIC
2026-07-21,AUNTL,Iron Ore,13.354,SYNTHETIC
2026-07-28,AUNTL,Iron Ore,13.527,SYNTHETIC
2026-08-04,AUNTL,Iron Ore,13.629,SYNTHETIC
2026-08-11,AUNTL,Iron Ore,13.464,SYNTHETIC
2026-08-18,AUNTL,Iron Ore,12.98,SYNTHETIC
2026-08-25,AUNTL,Iron Ore,12.529,SYNTHETIC
2026-09-01,AUNTL,Iron Ore,12.76,SYNTHETIC
2022-09-13,IDSMR,Coal,9.061,SYNTHETIC
2022-09-20,IDSMR,Coal,8.585,SYNTHETIC
2022-09-27,IDSMR,Coal,8.68,SYNTHETIC
2022-10-04,IDSMR,Coal,9.193,SYNTHETIC
2022-10-11,IDSMR,Coal,9.426,SYNTHETIC
2022-10-18,IDSMR,Coal,9.523,SYNTHETIC
2022-10-25,IDSMR,Coal,9.816,SYNTHETIC
2022-11-01,IDSMR,Coal,10.493,SYNTHETIC
2022-11-08,IDSMR,Coal,10.39,SYNTHETIC
2022-11-15,IDSMR,Coal,10.27,SYNTHETIC
2022-11-22,IDSMR,Coal,9.745,SYNTHETIC
2022-11-29,IDSMR,Coal,9.545,SYNTHETIC
2022-12-06,IDSMR,Coal,9.984,SYNTHETIC
2022-12-13,IDSMR,Coal,10.098,SYNTHETIC
2022-12-20,IDSMR,Coal,10.304,SYNTHETIC
2022-12-27,IDSMR,Coal,9.824,SYNTHETIC
2023-01-03,IDSMR,Coal,9.759,SYNTHETIC
2023-01-10,IDSMR,Coal,10.067,SYNTHETIC
2023-01-17,IDSMR,Coal,10.028,SYNTHETIC
2023-01-24,IDSMR,Coal,10.106,SYNTHETIC
2023-01-31,IDSMR,Coal,10.068,SYNTHETIC
2023-02-07,IDSMR,Coal,9.693,SYNTHETIC
2023-02-14,IDSMR,Coal,10.219,SYNTHETIC
2023-02-21,IDSMR,Coal,10.052,SYNTHETIC
2023-02-28,IDSMR,Coal,10.647,SYNTHETIC
2023-03-07,IDSMR,Coal,10.508,SYNTHETIC
2023-03-14,IDSMR,Coal,10.54,SYNTHETIC
2023-03-21,IDSMR,Coal,10.777,SYNTHETIC
2023-03-28,IDSMR,Coal,11.147,SYNTHETIC
2023-04-04,IDSMR,Coal,10.671,SYNTHETIC
2023-04-11,IDSMR,Coal,10.693,SYNTHETIC
2023-04-18,IDSMR,Coal,10.752,SYNTHETIC
2023-04-25,IDSMR,Coal,10.535,SYNTHETIC
2023-05-02,IDSMR,Coal,10.31,SYNTHETIC
2023-05-09,IDSMR,Coal,9.974,SYNTHETIC
2023-05-16,IDSMR,Coal,9.313,SYNTHETIC
2023-05-23,IDSMR,Coal,9.411,SYNTHETIC
2023-05-30,IDSMR,Coal,9.37,SYNTHETIC
2023-06-06,IDSMR,Coal,8.953,SYNTHETIC
2023-06-13,IDSMR,Coal,9.3,SYNTHETIC
2023-06-20,IDSMR,Coal,9.104,SYNTHETIC
2023-06-27,IDSMR,Coal,9.481,SYNTHETIC
2023-07-04,IDSMR,Coal,9.02,SYNTHETIC
2023-07-11,IDSMR,Coal,9.326,SYNTHETIC
2023-07-18,IDSMR,Coal,9.429,SYNTHETIC
2023-07-25,IDSMR,Coal,9.315,SYNTHETIC
2023-08-01,IDSMR,Coal,10.957,SYNTHETIC
2023-08-08,IDSMR,Coal,8.483,SYNTHETIC
2023-08-15,IDSMR,Coal,8.129,SYNTHETIC
2023-08-22,IDSMR,Coal,8.143,SYNTHETIC
2023-08-29,IDSMR,Coal,8.193,SYNTHETIC
2023-09-05,IDSMR,Coal,8.632,SYNTHETIC
2023-09-12,IDSMR,Coal,8.185,SYNTHETIC
2023-09-19,IDSMR,Coal,8.497,SYNTHETIC
2023-09-26,IDSMR,Coal,8.661,SYNTHETIC
2023-10-03,IDSMR,Coal,8.896,SYNTHETIC
2023-10-10,IDSMR,Coal,8.664,SYNTHETIC
2023-10-17,IDSMR,Coal,8.448,SYNTHETIC
2023-10-24,IDSMR,Coal,8.77,SYNTHETIC
2023-10-31,IDSMR,Coal,9.32,SYNTHETIC
2023-11-07,IDSMR,Coal,9.252,SYNTHETIC
2023-11-14,IDSMR,Coal,9.38,SYNTHETIC
2023-11-21,IDSMR,Coal,9.144,SYNTHETIC
2023-11-28,IDSMR,Coal,9.115,SYNTHETIC
2023-12-05,IDSMR,Coal,9.408,SYNTHETIC
2023-12-12,IDSMR,Coal,9.791,SYNTHETIC
2023-12-19,IDSMR,Coal,9.442,SYNTHETIC
2023-12-26,IDSMR,Coal,9.305,SYNTHETIC
2024-01-02,IDSMR,Coal,9.825,SYNTHETIC
2024-01-09,IDSMR,Coal,9.585,SYNTHETIC
2024-01-16,IDSMR,Coal,9.485,SYNTHETIC
2024-01-23,IDSMR,Coal,9.6,SYNTHETIC
2024-01-30,IDSMR,Coal,10.128,SYNTHETIC
2024-02-06,IDSMR,Coal,10.321,SYNTHETIC
2024-02-13,IDSMR,Coal,9.748,SYNTHETIC
2024-02-20,IDSMR,Coal,9.472,SYNTHETIC
2024-02-27,IDSMR,Coal,8.883,SYNTHETIC
2024-03-05,IDSMR,Coal,8.176,SYNTHETIC
2024-03-12,IDSMR,Coal,8.19,SYNTHETIC
2024-03-19,IDSMR,Coal,8.61,SYNTHETIC
2024-03-26,IDSMR,Coal,8.769,SYNTHETIC
2024-04-02,IDSMR,Coal,8.217,SYNTHETIC
2024-04-09,IDSMR,Coal,8.206,SYNTHETIC
2024-04-16,IDSMR,Coal,8.294,SYNTHETIC
2024-04-23,IDSMR,Coal,7.865,SYNTHETIC
2024-04-30,IDSMR,Coal,7.382,SYNTHETIC
2024-05-07,IDSMR,Coal,7.044,SYNTHETIC
2024-05-14,IDSMR,Coal,7.519,SYNTHETIC
2024-05-21,IDSMR,Coal,8.262,SYNTHETIC
2024-05-28,IDSMR,Coal,8.424,SYNTHETIC
2024-06-04,IDSMR,Coal,7.853,SYNTHETIC
2024-06-11,IDSMR,Coal,7.676,SYNTHETIC
2024-06-18,IDSMR,Coal,7.932,SYNTHETIC
2024-06-25,IDSMR,Coal,7.422,SYNTHETIC
2024-07-02,IDSMR,Coal,7.263,SYNTHETIC
2024-07-09,IDSMR,Coal,7.282,SYNTHETIC
2024-07-16,IDSMR,Coal,6.982,SYNTHETIC
2024-07-23,IDSMR,Coal,7.051,SYNTHETIC
2024-07-30,IDSMR,Coal,6.807,SYNTHETIC
2024-08-06,IDSMR,Coal,7.205,SYNTHETIC
2024-08-13,IDSMR,Coal,7.113,SYNTHETIC
2024-08-20,IDSMR,Coal,7.011,SYNTHETIC
2024-08-27,IDSMR,Coal,6.944,SYNTHETIC
2024-09-03,IDSMR,Coal,7.263,SYNTHETIC
2024-09-10,IDSMR,Coal,7.195,SYNTHETIC
2024-09-17,IDSMR,Coal,7.182,SYNTHETIC
2024-09-24,IDSMR,Coal,7.477,SYNTHETIC
2024-10-01,IDSMR,Coal,7.59,SYNTHETIC
2024-10-08,IDSMR,Coal,7.913,SYNTHETIC
2024-10-15,IDSMR,Coal,8.216,SYNTHETIC
2024-10-22,IDSMR,Coal,7.98,SYNTHETIC
2024-10-29,IDSMR,Coal,7.734,SYNTHETIC
2024-11-05,IDSMR,Coal,8.935,SYNTHETIC
2024-11-12,IDSMR,Coal,8.447,SYNTHETIC
2024-11-19,IDSMR,Coal,8.216,SYNTHETIC
2024-11-26,IDSMR,Coal,7.867,SYNTHETIC
2024-12-03,IDSMR,Coal,8.414,SYNTHETIC
2024-12-10,IDSMR,Coal,8.314,SYNTHETIC
2024-12-17,IDSMR,Coal,8.461,SYNTHETIC
2024-12-24,IDSMR,Coal,8.413,SYNTHETIC
2024-12-31,IDSMR,Coal,8.02,SYNTHETIC
2025-01-07,IDSMR,Coal,8.23,SYNTHETIC
2025-01-14,IDSMR,Coal,7.951,SYNTHETIC
2025-01-21,IDSMR,Coal,7.517,SYNTHETIC
2025-01-28,IDSMR,Coal,7.774,SYNTHETIC
2025-02-04,IDSMR,Coal,8.098,SYNTHETIC
2025-02-11,IDSMR,Coal,8.544,SYNTHETIC
2025-02-18,IDSMR,Coal,8.258,SYNTHETIC
2025-02-25,IDSMR,Coal,8.15,SYNTHETIC
2025-03-04,IDSMR,Coal,7.364,SYNTHETIC
2025-03-11,IDSMR,Coal,7.571,SYNTHETIC
2025-03-18,IDSMR,Coal,7.495,SYNTHETIC
2025-03-25,IDSMR,Coal,7.778,SYNTHETIC
2025-04-01,IDSMR,Coal,7.036,SYNTHETIC
2025-04-08,IDSMR,Coal,6.943,SYNTHETIC
2025-04-15,IDSMR,Coal,7.008,SYNTHETIC
2025-04-22,IDSMR,Coal,6.902,SYNTHETIC
2025-04-29,IDSMR,Coal,7.099,SYNTHETIC
2025-05-06,IDSMR,Coal,6.515,SYNTHETIC
2025-05-13,IDSMR,Coal,6.366,SYNTHETIC
2025-05-20,IDSMR,Coal,6.129,SYNTHETIC
2025-05-27,IDSMR,Coal,6.883,SYNTHETIC
2025-06-03,IDSMR,Coal,6.813,SYNTHETIC
2025-06-10,IDSMR,Coal,7.006,SYNTHETIC
2025-06-17,IDSMR,Coal,6.521,SYNTHETIC
2025-06-24,IDSMR,Coal,6.619,SYNTHETIC
2025-07-01,IDSMR,Coal,6.757,SYNTHETIC
2025-07-08,IDSMR,Coal,6.265,SYNTHETIC
2025-07-15,IDSMR,Coal,6.186,SYNTHETIC
2025-07-22,IDSMR,Coal,6.51,SYNTHETIC
2025-07-29,IDSMR,Coal,6.653,SYNTHETIC
2025-08-05,IDSMR,Coal,6.886,SYNTHETIC
2025-08-12,IDSMR,Coal,6.8,SYNTHETIC
2025-08-19,IDSMR,Coal,6.959,SYNTHETIC
2025-08-26,IDSMR,Coal,6.42,SYNTHETIC
2025-09-02,IDSMR,Coal,6.675,SYNTHETIC
2025-09-09,IDSMR,Coal,6.253,SYNTHETIC
2025-09-16,IDSMR,Coal,5.973,SYNTHETIC
2025-09-23,IDSMR,Coal,6.543,SYNTHETIC
2025-09-30,IDSMR,Coal,7.16,SYNTHETIC
2025-10-07,IDSMR,Coal,7.368,SYNTHETIC
2025-10-14,IDSMR,Coal,7.119,SYNTHETIC
2025-10-21,IDSMR,Coal,6.862,SYNTHETIC
2025-10-28,IDSMR,Coal,6.616,SYNTHETIC
2025-11-04,IDSMR,Coal,6.636,SYNTHETIC
2025-11-11,IDSMR,Coal,6.765,SYNTHETIC
2025-11-18,IDSMR,Coal,6.825,SYNTHETIC
2025-11-25,IDSMR,Coal,7.733,SYNTHETIC
2025-12-02,IDSMR,Coal,7.038,SYNTHETIC
2025-12-09,IDSMR,Coal,7.042,SYNTHETIC
2025-12-16,IDSMR,Coal,6.819,SYNTHETIC
2025-12-23,IDSMR,Coal,6.899,SYNTHETIC
2025-12-30,IDSMR,Coal,6.758,SYNTHETIC
2026-01-06,IDSMR,Coal,7.316,SYNTHETIC
2026-01-13,IDSMR,Coal,7.394,SYNTHETIC
2026-01-20,IDSMR,Coal,7.501,SYNTHETIC
2026-01-27,IDSMR,Coal,7.505,SYNTHETIC
2026-02-03,IDSMR,Coal,7.224,SYNTHETIC
2026-02-10,IDSMR,Coal,7.272,SYNTHETIC
2026-02-17,IDSMR,Coal,7.437,SYNTHETIC
2026-02-24,IDSMR,Coal,7.715,SYNTHETIC
2026-03-03,IDSMR,Coal,8.068,SYNTHETIC
2026-03-10,IDSMR,Coal,7.639,SYNTHETIC
2026-03-17,IDSMR,Coal,7.249,SYNTHETIC
2026-03-24,IDSMR,Coal,7.075,SYNTHETIC
2026-03-31,IDSMR,Coal,7.23,SYNTHETIC
2026-04-07,IDSMR,Coal,7.725,SYNTHETIC
2026-04-14,IDSMR,Coal,7.823,SYNTHETIC
2026-04-21,IDSMR,Coal,7.525,SYNTHETIC
2026-04-28,IDSMR,Coal,7.436,SYNTHETIC
2026-05-05,IDSMR,Coal,6.81,SYNTHETIC
2026-05-12,IDSMR,Coal,7.234,SYNTHETIC
2026-05-19,IDSMR,Coal,7.381,SYNTHETIC
2026-05-26,IDSMR,Coal,7.517,SYNTHETIC
2026-06-02,IDSMR,Coal,7.338,SYNTHETIC
2026-06-09,IDSMR,Coal,7.046,SYNTHETIC
2026-06-16,IDSMR,Coal,6.322,SYNTHETIC
2026-06-23,IDSMR,Coal,6.384,SYNTHETIC
2026-06-30,IDSMR,Coal,6.423,SYNTHETIC
2026-07-07,IDSMR,Coal,6.132,SYNTHETIC
2026-07-14,IDSMR,Coal,5.955,SYNTHETIC
2026-07-21,IDSMR,Coal,5.957,SYNTHETIC
2026-07-28,IDSMR,Coal,5.898,SYNTHETIC
2026-08-04,IDSMR,Coal,6.262,SYNTHETIC
2026-08-11,IDSMR,Coal,6.204,SYNTHETIC
2026-08-18,IDSMR,Coal,6.277,SYNTHETIC
2026-08-25,IDSMR,Coal,6.493,SYNTHETIC
2026-09-01,IDSMR,Coal,6.516,SYNTHETIC
2022-09-13,MZNAC,Coal,16.898,SYNTHETIC
2022-09-20,MZNAC,Coal,18.379,SYNTHETIC
2022-09-27,MZNAC,Coal,19.111,SYNTHETIC
2022-10-04,MZNAC,Coal,20.338,SYNTHETIC
2022-10-11,MZNAC,Coal,21.483,SYNTHETIC
2022-10-18,MZNAC,Coal,21.579,SYNTHETIC
2022-10-25,MZNAC,Coal,19.814,SYNTHETIC
2022-11-01,MZNAC,Coal,19.579,SYNTHETIC
2022-11-08,MZNAC,Coal,18.331,SYNTHETIC
2022-11-15,MZNAC,Coal,19.587,SYNTHETIC
2022-11-22,MZNAC,Coal,18.353,SYNTHETIC
2022-11-29,MZNAC,Coal,19.274,SYNTHETIC
2022-12-06,MZNAC,Coal,19.671,SYNTHETIC
2022-12-13,MZNAC,Coal,18.512,SYNTHETIC
2022-12-20,MZNAC,Coal,18.61,SYNTHETIC
2022-12-27,MZNAC,Coal,19.476,SYNTHETIC
2023-01-03,MZNAC,Coal,19.406,SYNTHETIC
2023-01-10,MZNAC,Coal,21.548,SYNTHETIC
2023-01-17,MZNAC,Coal,21.856,SYNTHETIC
2023-01-24,MZNAC,Coal,20.646,SYNTHETIC
2023-01-31,MZNAC,Coal,21.715,SYNTHETIC
2023-02-07,MZNAC,Coal,22.254,SYNTHETIC
2023-02-14,MZNAC,Coal,21.623,SYNTHETIC
2023-02-21,MZNAC,Coal,21.595,SYNTHETIC
2023-02-28,MZNAC,Coal,22.18,SYNTHETIC
2023-03-07,MZNAC,Coal,20.401,SYNTHETIC
2023-03-14,MZNAC,Coal,20.583,SYNTHETIC
2023-03-21,MZNAC,Coal,19.331,SYNTHETIC
2023-03-28,MZNAC,Coal,20.478,SYNTHETIC
2023-04-04,MZNAC,Coal,21.19,SYNTHETIC
2023-04-11,MZNAC,Coal,19.675,SYNTHETIC
2023-04-18,MZNAC,Coal,20.836,SYNTHETIC
2023-04-25,MZNAC,Coal,21.216,SYNTHETIC
2023-05-02,MZNAC,Coal,20.69,SYNTHETIC
2023-05-09,MZNAC,Coal,18.694,SYNTHETIC
2023-05-16,MZNAC,Coal,18.413,SYNTHETIC
2023-05-23,MZNAC,Coal,19.784,SYNTHETIC
2023-05-30,MZNAC,Coal,19.312,SYNTHETIC
2023-06-06,MZNAC,Coal,17.515,SYNTHETIC
2023-06-13,MZNAC,Coal,19.197,SYNTHETIC
2023-06-20,MZNAC,Coal,19.991,SYNTHETIC
2023-06-27,MZNAC,Coal,21.863,SYNTHETIC
2023-07-04,MZNAC,Coal,21.191,SYNTHETIC
2023-07-11,MZNAC,Coal,20.693,SYNTHETIC
2023-07-18,MZNAC,Coal,19.458,SYNTHETIC
2023-07-25,MZNAC,Coal,20.44,SYNTHETIC
2023-08-01,MZNAC,Coal,21.205,SYNTHETIC
2023-08-08,MZNAC,Coal,19.376,SYNTHETIC
2023-08-15,MZNAC,Coal,18.526,SYNTHETIC
2023-08-22,MZNAC,Coal,18.137,SYNTHETIC
2023-08-29,MZNAC,Coal,17.395,SYNTHETIC
2023-09-05,MZNAC,Coal,17.513,SYNTHETIC
2023-09-12,MZNAC,Coal,16.663,SYNTHETIC
2023-09-19,MZNAC,Coal,15.535,SYNTHETIC
2023-09-26,MZNAC,Coal,14.224,SYNTHETIC
2023-10-03,MZNAC,Coal,14.505,SYNTHETIC
2023-10-10,MZNAC,Coal,14.311,SYNTHETIC
2023-10-17,MZNAC,Coal,13.976,SYNTHETIC
2023-10-24,MZNAC,Coal,13.487,SYNTHETIC
2023-10-31,MZNAC,Coal,14.94,SYNTHETIC
2023-11-07,MZNAC,Coal,15.441,SYNTHETIC
2023-11-14,MZNAC,Coal,18.264,SYNTHETIC
2023-11-21,MZNAC,Coal,17.942,SYNTHETIC
2023-11-28,MZNAC,Coal,17.267,SYNTHETIC
2023-12-05,MZNAC,Coal,17.011,SYNTHETIC
2023-12-12,MZNAC,Coal,17.732,SYNTHETIC
2023-12-19,MZNAC,Coal,17.348,SYNTHETIC
2023-12-26,MZNAC,Coal,19.01,SYNTHETIC
2024-01-02,MZNAC,Coal,19.883,SYNTHETIC
2024-01-09,MZNAC,Coal,19.69,SYNTHETIC
2024-01-16,MZNAC,Coal,19.158,SYNTHETIC
2024-01-23,MZNAC,Coal,20.151,SYNTHETIC
2024-01-30,MZNAC,Coal,20.632,SYNTHETIC
2024-02-06,MZNAC,Coal,20.97,SYNTHETIC
2024-02-13,MZNAC,Coal,20.691,SYNTHETIC
2024-02-20,MZNAC,Coal,22.338,SYNTHETIC
2024-02-27,MZNAC,Coal,21.072,SYNTHETIC
2024-03-05,MZNAC,Coal,20.208,SYNTHETIC
2024-03-12,MZNAC,Coal,18.9,SYNTHETIC
2024-03-19,MZNAC,Coal,18.841,SYNTHETIC
2024-03-26,MZNAC,Coal,19.943,SYNTHETIC
2024-04-02,MZNAC,Coal,18.989,SYNTHETIC
2024-04-09,MZNAC,Coal,18.727,SYNTHETIC
2024-04-16,MZNAC,Coal,18.943,SYNTHETIC
2024-04-23,MZNAC,Coal,18.27,SYNTHETIC
2024-04-30,MZNAC,Coal,17.447,SYNTHETIC
2024-05-07,MZNAC,Coal,15.307,SYNTHETIC
2024-05-14,MZNAC,Coal,16.618,SYNTHETIC
2024-05-21,MZNAC,Coal,16.227,SYNTHETIC
2024-05-28,MZNAC,Coal,17.261,SYNTHETIC
2024-06-04,MZNAC,Coal,16.477,SYNTHETIC
2024-06-11,MZNAC,Coal,16.528,SYNTHETIC
2024-06-18,MZNAC,Coal,16.156,SYNTHETIC
2024-06-25,MZNAC,Coal,19.173,SYNTHETIC
2024-07-02,MZNAC,Coal,19.376,SYNTHETIC
2024-07-09,MZNAC,Coal,18.792,SYNTHETIC
2024-07-16,MZNAC,Coal,19.945,SYNTHETIC
2024-07-23,MZNAC,Coal,18.805,SYNTHETIC
2024-07-30,MZNAC,Coal,18.193,SYNTHETIC
2024-08-06,MZNAC,Coal,17.807,SYNTHETIC
2024-08-13,MZNAC,Coal,16.596,SYNTHETIC
2024-08-20,MZNAC,Coal,16.798,SYNTHETIC
2024-08-27,MZNAC,Coal,16.167,SYNTHETIC
2024-09-03,MZNAC,Coal,17.566,SYNTHETIC
2024-09-10,MZNAC,Coal,17.384,SYNTHETIC
2024-09-17,MZNAC,Coal,16.501,SYNTHETIC
2024-09-24,MZNAC,Coal,15.109,SYNTHETIC
2024-10-01,MZNAC,Coal,15.544,SYNTHETIC
2024-10-08,MZNAC,Coal,14.869,SYNTHETIC
2024-10-15,MZNAC,Coal,16.346,SYNTHETIC
2024-10-22,MZNAC,Coal,16.951,SYNTHETIC
2024-10-29,MZNAC,Coal,15.532,SYNTHETIC
2024-11-05,MZNAC,Coal,13.947,SYNTHETIC
2024-11-12,MZNAC,Coal,15.027,SYNTHETIC
2024-11-19,MZNAC,Coal,14.19,SYNTHETIC
2024-11-26,MZNAC,Coal,14.11,SYNTHETIC
2024-12-03,MZNAC,Coal,14.417,SYNTHETIC
2024-12-10,MZNAC,Coal,14.169,SYNTHETIC
2024-12-17,MZNAC,Coal,14.805,SYNTHETIC
2024-12-24,MZNAC,Coal,15.207,SYNTHETIC
2024-12-31,MZNAC,Coal,16.576,SYNTHETIC
2025-01-07,MZNAC,Coal,17.381,SYNTHETIC
2025-01-14,MZNAC,Coal,16.223,SYNTHETIC
2025-01-21,MZNAC,Coal,17.522,SYNTHETIC
2025-01-28,MZNAC,Coal,17.696,SYNTHETIC
2025-02-04,MZNAC,Coal,17.674,SYNTHETIC
2025-02-11,MZNAC,Coal,17.252,SYNTHETIC
2025-02-18,MZNAC,Coal,18.772,SYNTHETIC
2025-02-25,MZNAC,Coal,19.752,SYNTHETIC
2025-03-04,MZNAC,Coal,21.263,SYNTHETIC
2025-03-11,MZNAC,Coal,20.986,SYNTHETIC
2025-03-18,MZNAC,Coal,19.048,SYNTHETIC
2025-03-25,MZNAC,Coal,18.495,SYNTHETIC
2025-04-01,MZNAC,Coal,17.676,SYNTHETIC
2025-04-08,MZNAC,Coal,18.163,SYNTHETIC
2025-04-15,MZNAC,Coal,20.677,SYNTHETIC
2025-04-22,MZNAC,Coal,20.619,SYNTHETIC
2025-04-29,MZNAC,Coal,21.601,SYNTHETIC
2025-05-06,MZNAC,Coal,21.946,SYNTHETIC
2025-05-13,MZNAC,Coal,20.456,SYNTHETIC
2025-05-20,MZNAC,Coal,19.496,SYNTHETIC
2025-05-27,MZNAC,Coal,18.299,SYNTHETIC
2025-06-03,MZNAC,Coal,19.221,SYNTHETIC
2025-06-10,MZNAC,Coal,18.331,SYNTHETIC
2025-06-17,MZNAC,Coal,17.866,SYNTHETIC
2025-06-24,MZNAC,Coal,16.831,SYNTHETIC
2025-07-01,MZNAC,Coal,15.768,SYNTHETIC
2025-07-08,MZNAC,Coal,15.96,SYNTHETIC
2025-07-15,MZNAC,Coal,15.866,SYNTHETIC
2025-07-22,MZNAC,Coal,15.476,SYNTHETIC
2025-07-29,MZNAC,Coal,15.715,SYNTHETIC
2025-08-05,MZNAC,Coal,17.091,SYNTHETIC
2025-08-12,MZNAC,Coal,17.848,SYNTHETIC
2025-08-19,MZNAC,Coal,17.868,SYNTHETIC
2025-08-26,MZNAC,Coal,17.579,SYNTHETIC
2025-09-02,MZNAC,Coal,17.384,SYNTHETIC
2025-09-09,MZNAC,Coal,15.332,SYNTHETIC
2025-09-16,MZNAC,Coal,16.74,SYNTHETIC
2025-09-23,MZNAC,Coal,17.424,SYNTHETIC
2025-09-30,MZNAC,Coal,19.549,SYNTHETIC
2025-10-07,MZNAC,Coal,19.732,SYNTHETIC
2025-10-14,MZNAC,Coal,18.965,SYNTHETIC
2025-10-21,MZNAC,Coal,18.181,SYNTHETIC
2025-10-28,MZNAC,Coal,15.729,SYNTHETIC
2025-11-04,MZNAC,Coal,16.909,SYNTHETIC
2025-11-11,MZNAC,Coal,16.568,SYNTHETIC
2025-11-18,MZNAC,Coal,15.802,SYNTHETIC
2025-11-25,MZNAC,Coal,16.74,SYNTHETIC
2025-12-02,MZNAC,Coal,19.135,SYNTHETIC
2025-12-09,MZNAC,Coal,14.388,SYNTHETIC
2025-12-16,MZNAC,Coal,16.686,SYNTHETIC
2025-12-23,MZNAC,Coal,17.261,SYNTHETIC
2025-12-30,MZNAC,Coal,18.083,SYNTHETIC
2026-01-06,MZNAC,Coal,19.28,SYNTHETIC
2026-01-13,MZNAC,Coal,18.329,SYNTHETIC
2026-01-20,MZNAC,Coal,19.633,SYNTHETIC
2026-01-27,MZNAC,Coal,20.225,SYNTHETIC
2026-02-03,MZNAC,Coal,20.077,SYNTHETIC
2026-02-10,MZNAC,Coal,20.196,SYNTHETIC
2026-02-17,MZNAC,Coal,21.069,SYNTHETIC
2026-02-24,MZNAC,Coal,19.794,SYNTHETIC
2026-03-03,MZNAC,Coal,19.713,SYNTHETIC
2026-03-10,MZNAC,Coal,20.489,SYNTHETIC
2026-03-17,MZNAC,Coal,19.919,SYNTHETIC
2026-03-24,MZNAC,Coal,21.68,SYNTHETIC
2026-03-31,MZNAC,Coal,16.975,SYNTHETIC
2026-04-07,MZNAC,Coal,18.122,SYNTHETIC
2026-04-14,MZNAC,Coal,18.113,SYNTHETIC
2026-04-21,MZNAC,Coal,18.61,SYNTHETIC
2026-04-28,MZNAC,Coal,18.972,SYNTHETIC
2026-05-05,MZNAC,Coal,19.304,SYNTHETIC
2026-05-12,MZNAC,Coal,17.972,SYNTHETIC
2026-05-19,MZNAC,Coal,18.467,SYNTHETIC
2026-05-26,MZNAC,Coal,17.806,SYNTHETIC
2026-06-02,MZNAC,Coal,17.422,SYNTHETIC
2026-06-09,MZNAC,Coal,17.635,SYNTHETIC
2026-06-16,MZNAC,Coal,16.355,SYNTHETIC
2026-06-23,MZNAC,Coal,16.946,SYNTHETIC
2026-06-30,MZNAC,Coal,16.497,SYNTHETIC
2026-07-07,MZNAC,Coal,15.467,SYNTHETIC
2026-07-14,MZNAC,Coal,15.828,SYNTHETIC
2026-07-21,MZNAC,Coal,15.546,SYNTHETIC
2026-07-28,MZNAC,Coal,16.679,SYNTHETIC
2026-08-04,MZNAC,Coal,16.944,SYNTHETIC
2026-08-11,MZNAC,Coal,15.466,SYNTHETIC
2026-08-18,MZNAC,Coal,15.453,SYNTHETIC
2026-08-25,MZNAC,Coal,15.012,SYNTHETIC
2026-09-01,MZNAC,Coal,15.212,SYNTHETIC
2022-09-13,RUVVO,Coal,23.324,SYNTHETIC
2022-09-20,RUVVO,Coal,21.762,SYNTHETIC
2022-09-27,RUVVO,Coal,23.461,SYNTHETIC
2022-10-04,RUVVO,Coal,24.461,SYNTHETIC
2022-10-11,RUVVO,Coal,22.173,SYNTHETIC
2022-10-18,RUVVO,Coal,24.004,SYNTHETIC
2022-10-25,RUVVO,Coal,25.181,SYNTHETIC
2022-11-01,RUVVO,Coal,25.967,SYNTHETIC
2022-11-08,RUVVO,Coal,26.151,SYNTHETIC
2022-11-15,RUVVO,Coal,25.592,SYNTHETIC
2022-11-22,RUVVO,Coal,23.284,SYNTHETIC
2022-11-29,RUVVO,Coal,24.811,SYNTHETIC
2022-12-06,RUVVO,Coal,24.534,SYNTHETIC
2022-12-13,RUVVO,Coal,23.437,SYNTHETIC
2022-12-20,RUVVO,Coal,25.869,SYNTHETIC
2022-12-27,RUVVO,Coal,23.429,SYNTHETIC
2023-01-03,RUVVO,Coal,23.317,SYNTHETIC
2023-01-10,RUVVO,Coal,22.226,SYNTHETIC
2023-01-17,RUVVO,Coal,23.626,SYNTHETIC
2023-01-24,RUVVO,Coal,25.609,SYNTHETIC
2023-01-31,RUVVO,Coal,25.655,SYNTHETIC
2023-02-07,RUVVO,Coal,25.97,SYNTHETIC
2023-02-14,RUVVO,Coal,25.127,SYNTHETIC
2023-02-21,RUVVO,Coal,23.68,SYNTHETIC
2023-02-28,RUVVO,Coal,24.123,SYNTHETIC
2023-03-07,RUVVO,Coal,25.594,SYNTHETIC
2023-03-14,RUVVO,Coal,25.53,SYNTHETIC
2023-03-21,RUVVO,Coal,24.893,SYNTHETIC
2023-03-28,RUVVO,Coal,25.377,SYNTHETIC
2023-04-04,RUVVO,Coal,21.96,SYNTHETIC
2023-04-11,RUVVO,Coal,22.882,SYNTHETIC
2023-04-18,RUVVO,Coal,23.544,SYNTHETIC
2023-04-25,RUVVO,Coal,26.109,SYNTHETIC
2023-05-02,RUVVO,Coal,25.966,SYNTHETIC
2023-05-09,RUVVO,Coal,26.314,SYNTHETIC
2023-05-16,RUVVO,Coal,28.844,SYNTHETIC
2023-05-23,RUVVO,Coal,27.46,SYNTHETIC
2023-05-30,RUVVO,Coal,29.527,SYNTHETIC
2023-06-06,RUVVO,Coal,26.197,SYNTHETIC
2023-06-13,RUVVO,Coal,24.559,SYNTHETIC
2023-06-20,RUVVO,Coal,25.782,SYNTHETIC
2023-06-27,RUVVO,Coal,27.129,SYNTHETIC
2023-07-04,RUVVO,Coal,29.309,SYNTHETIC
2023-07-11,RUVVO,Coal,29.595,SYNTHETIC
2023-07-18,RUVVO,Coal,27.454,SYNTHETIC
2023-07-25,RUVVO,Coal,25.687,SYNTHETIC
2023-08-01,RUVVO,Coal,27.137,SYNTHETIC
2023-08-08,RUVVO,Coal,25.712,SYNTHETIC
2023-08-15,RUVVO,Coal,24.6,SYNTHETIC
2023-08-22,RUVVO,Coal,24.808,SYNTHETIC
2023-08-29,RUVVO,Coal,21.81,SYNTHETIC
2023-09-05,RUVVO,Coal,22.782,SYNTHETIC
2023-09-12,RUVVO,Coal,24.052,SYNTHETIC
2023-09-19,RUVVO,Coal,21.021,SYNTHETIC
2023-09-26,RUVVO,Coal,20.793,SYNTHETIC
2023-10-03,RUVVO,Coal,21.583,SYNTHETIC
2023-10-10,RUVVO,Coal,20.122,SYNTHETIC
2023-10-17,RUVVO,Coal,18.31,SYNTHETIC
2023-10-24,RUVVO,Coal,19.264,SYNTHETIC
2023-10-31,RUVVO,Coal,19.279,SYNTHETIC
2023-11-07,RUVVO,Coal,18.608,SYNTHETIC
2023-11-14,RUVVO,Coal,18.032,SYNTHETIC
2023-11-21,RUVVO,Coal,19.02,SYNTHETIC
2023-11-28,RUVVO,Coal,18.317,SYNTHETIC
2023-12-05,RUVVO,Coal,18.496,SYNTHETIC
2023-12-12,RUVVO,Coal,22.967,SYNTHETIC
2023-12-19,RUVVO,Coal,24.214,SYNTHETIC
2023-12-26,RUVVO,Coal,24.374,SYNTHETIC
2024-01-02,RUVVO,Coal,25.291,SYNTHETIC
2024-01-09,RUVVO,Coal,27.491,SYNTHETIC
2024-01-16,RUVVO,Coal,24.982,SYNTHETIC
2024-01-23,RUVVO,Coal,24.501,SYNTHETIC
2024-01-30,RUVVO,Coal,24.188,SYNTHETIC
2024-02-06,RUVVO,Coal,25.696,SYNTHETIC
2024-02-13,RUVVO,Coal,29.216,SYNTHETIC
2024-02-20,RUVVO,Coal,31.155,SYNTHETIC
2024-02-27,RUVVO,Coal,31.593,SYNTHETIC
2024-03-05,RUVVO,Coal,29.849,SYNTHETIC
2024-03-12,RUVVO,Coal,29.44,SYNTHETIC
2024-03-19,RUVVO,Coal,29.766,SYNTHETIC
2024-03-26,RUVVO,Coal,27.912,SYNTHETIC
2024-04-02,RUVVO,Coal,26.472,SYNTHETIC
2024-04-09,RUVVO,Coal,24.441,SYNTHETIC
2024-04-16,RUVVO,Coal,26.636,SYNTHETIC
2024-04-23,RUVVO,Coal,26.131,SYNTHETIC
2024-04-30,RUVVO,Coal,25.151,SYNTHETIC
2024-05-07,RUVVO,Coal,23.605,SYNTHETIC
2024-05-14,RUVVO,Coal,22.674,SYNTHETIC
2024-05-21,RUVVO,Coal,24.332,SYNTHETIC
2024-05-28,RUVVO,Coal,26.587,SYNTHETIC
2024-06-04,RUVVO,Coal,23.727,SYNTHETIC
2024-06-11,RUVVO,Coal,23.426,SYNTHETIC
2024-06-18,RUVVO,Coal,25.699,SYNTHETIC
2024-06-25,RUVVO,Coal,22.725,SYNTHETIC
2024-07-02,RUVVO,Coal,20.267,SYNTHETIC
2024-07-09,RUVVO,Coal,22.492,SYNTHETIC
2024-07-16,RUVVO,Coal,24.585,SYNTHETIC
2024-07-23,RUVVO,Coal,24.687,SYNTHETIC
2024-07-30,RUVVO,Coal,23.698,SYNTHETIC
2024-08-06,RUVVO,Coal,21.947,SYNTHETIC
2024-08-13,RUVVO,Coal,24.24,SYNTHETIC
2024-08-20,RUVVO,Coal,27.829,SYNTHETIC
2024-08-27,RUVVO,Coal,22.163,SYNTHETIC
2024-09-03,RUVVO,Coal,22.743,SYNTHETIC
2024-09-10,RUVVO,Coal,24.487,SYNTHETIC
2024-09-17,RUVVO,Coal,27.457,SYNTHETIC
2024-09-24,RUVVO,Coal,26.183,SYNTHETIC
2024-10-01,RUVVO,Coal,25.72,SYNTHETIC
2024-10-08,RUVVO,Coal,28.839,SYNTHETIC
2024-10-15,RUVVO,Coal,29.956,SYNTHETIC
2024-10-22,RUVVO,Coal,28.744,SYNTHETIC
2024-10-29,RUVVO,Coal,26.99,SYNTHETIC
2024-11-05,RUVVO,Coal,29.507,SYNTHETIC
2024-11-12,RUVVO,Coal,28.795,SYNTHETIC
2024-11-19,RUVVO,Coal,27.167,SYNTHETIC
2024-11-26,RUVVO,Coal,28.128,SYNTHETIC
2024-12-03,RUVVO,Coal,30.916,SYNTHETIC
2024-12-10,RUVVO,Coal,31.597,SYNTHETIC
2024-12-17,RUVVO,Coal,34.611,SYNTHETIC
2024-12-24,RUVVO,Coal,32.687,SYNTHETIC
2024-12-31,RUVVO,Coal,32.06,SYNTHETIC
2025-01-07,RUVVO,Coal,34.745,SYNTHETIC
2025-01-14,RUVVO,Coal,33.024,SYNTHETIC
2025-01-21,RUVVO,Coal,35.276,SYNTHETIC
2025-01-28,RUVVO,Coal,31.869,SYNTHETIC
2025-02-04,RUVVO,Coal,30.734,SYNTHETIC
2025-02-11,RUVVO,Coal,31.208,SYNTHETIC
2025-02-18,RUVVO,Coal,30.706,SYNTHETIC
2025-02-25,RUVVO,Coal,31.638,SYNTHETIC
2025-03-04,RUVVO,Coal,27.775,SYNTHETIC
2025-03-11,RUVVO,Coal,25.206,SYNTHETIC
2025-03-18,RUVVO,Coal,24.525,SYNTHETIC
2025-03-25,RUVVO,Coal,23.363,SYNTHETIC
2025-04-01,RUVVO,Coal,25.193,SYNTHETIC
2025-04-08,RUVVO,Coal,27.674,SYNTHETIC
2025-04-15,RUVVO,Coal,28.737,SYNTHETIC
2025-04-22,RUVVO,Coal,28.559,SYNTHETIC
2025-04-29,RUVVO,Coal,28.915,SYNTHETIC
2025-05-06,RUVVO,Coal,24.786,SYNTHETIC
2025-05-13,RUVVO,Coal,22.974,SYNTHETIC
2025-05-20,RUVVO,Coal,23.957,SYNTHETIC
2025-05-27,RUVVO,Coal,22.907,SYNTHETIC
2025-06-03,RUVVO,Coal,22.212,SYNTHETIC
2025-06-10,RUVVO,Coal,23.56,SYNTHETIC
2025-06-17,RUVVO,Coal,24.164,SYNTHETIC
2025-06-24,RUVVO,Coal,23.309,SYNTHETIC
2025-07-01,RUVVO,Coal,23.102,SYNTHETIC
2025-07-08,RUVVO,Coal,24.933,SYNTHETIC
2025-07-15,RUVVO,Coal,23.997,SYNTHETIC
2025-07-22,RUVVO,Coal,25.155,SYNTHETIC
2025-07-29,RUVVO,Coal,22.952,SYNTHETIC
2025-08-05,RUVVO,Coal,24.066,SYNTHETIC
2025-08-12,RUVVO,Coal,22.634,SYNTHETIC
2025-08-19,RUVVO,Coal,23.915,SYNTHETIC
2025-08-26,RUVVO,Coal,25.746,SYNTHETIC
2025-09-02,RUVVO,Coal,26.872,SYNTHETIC
2025-09-09,RUVVO,Coal,26.803,SYNTHETIC
2025-09-16,RUVVO,Coal,26.444,SYNTHETIC
2025-09-23,RUVVO,Coal,26.027,SYNTHETIC
2025-09-30,RUVVO,Coal,24.163,SYNTHETIC
2025-10-07,RUVVO,Coal,22.822,SYNTHETIC
2025-10-14,RUVVO,Coal,23.17,SYNTHETIC
2025-10-21,RUVVO,Coal,23.653,SYNTHETIC
2025-10-28,RUVVO,Coal,24.966,SYNTHETIC
2025-11-04,RUVVO,Coal,25.175,SYNTHETIC
2025-11-11,RUVVO,Coal,27.923,SYNTHETIC
2025-11-18,RUVVO,Coal,27.482,SYNTHETIC
2025-11-25,RUVVO,Coal,25.785,SYNTHETIC
2025-12-02,RUVVO,Coal,26.875,SYNTHETIC
2025-12-09,RUVVO,Coal,27.201,SYNTHETIC
2025-12-16,RUVVO,Coal,25.264,SYNTHETIC
2025-12-23,RUVVO,Coal,27.717,SYNTHETIC
2025-12-30,RUVVO,Coal,28.688,SYNTHETIC
2026-01-06,RUVVO,Coal,27.227,SYNTHETIC
2026-01-13,RUVVO,Coal,25.702,SYNTHETIC
2026-01-20,RUVVO,Coal,24.875,SYNTHETIC
2026-01-27,RUVVO,Coal,24.54,SYNTHETIC
2026-02-03,RUVVO,Coal,26.227,SYNTHETIC
2026-02-10,RUVVO,Coal,29.15,SYNTHETIC
2026-02-17,RUVVO,Coal,28.595,SYNTHETIC
2026-02-24,RUVVO,Coal,28.948,SYNTHETIC
2026-03-03,RUVVO,Coal,27.392,SYNTHETIC
2026-03-10,RUVVO,Coal,28.537,SYNTHETIC
2026-03-17,RUVVO,Coal,28.552,SYNTHETIC
2026-03-24,RUVVO,Coal,28.085,SYNTHETIC
2026-03-31,RUVVO,Coal,24.795,SYNTHETIC
2026-04-07,RUVVO,Coal,25.251,SYNTHETIC
2026-04-14,RUVVO,Coal,25.31,SYNTHETIC
2026-04-21,RUVVO,Coal,25.477,SYNTHETIC
2026-04-28,RUVVO,Coal,25.292,SYNTHETIC
2026-05-05,RUVVO,Coal,25.962,SYNTHETIC
2026-05-12,RUVVO,Coal,27.503,SYNTHETIC
2026-05-19,RUVVO,Coal,25.968,SYNTHETIC
2026-05-26,RUVVO,Coal,25.187,SYNTHETIC
2026-06-02,RUVVO,Coal,25.918,SYNTHETIC
2026-06-09,RUVVO,Coal,25.012,SYNTHETIC
2026-06-16,RUVVO,Coal,24.571,SYNTHETIC
2026-06-23,RUVVO,Coal,22.488,SYNTHETIC
2026-06-30,RUVVO,Coal,24.155,SYNTHETIC
2026-07-07,RUVVO,Coal,24.833,SYNTHETIC
2026-07-14,RUVVO,Coal,23.746,SYNTHETIC
2026-07-21,RUVVO,Coal,23.039,SYNTHETIC
2026-07-28,RUVVO,Coal,24.939,SYNTHETIC
2026-08-04,RUVVO,Coal,24.768,SYNTHETIC
2026-08-11,RUVVO,Coal,25.884,SYNTHETIC
2026-08-18,RUVVO,Coal,26.57,SYNTHETIC
2026-08-25,RUVVO,Coal,26.151,SYNTHETIC
2026-09-01,RUVVO,Coal,25.456,SYNTHETIC
2022-09-13,USNFK,Coal,24.356,SYNTHETIC
2022-09-20,USNFK,Coal,24.616,SYNTHETIC
2022-09-27,USNFK,Coal,21.862,SYNTHETIC
2022-10-04,USNFK,Coal,24.928,SYNTHETIC
2022-10-11,USNFK,Coal,25.954,SYNTHETIC
2022-10-18,USNFK,Coal,26.963,SYNTHETIC
2022-10-25,USNFK,Coal,25.379,SYNTHETIC
2022-11-01,USNFK,Coal,26.584,SYNTHETIC
2022-11-08,USNFK,Coal,26.272,SYNTHETIC
2022-11-15,USNFK,Coal,27.541,SYNTHETIC
2022-11-22,USNFK,Coal,28.694,SYNTHETIC
2022-11-29,USNFK,Coal,26.933,SYNTHETIC
2022-12-06,USNFK,Coal,28.892,SYNTHETIC
2022-12-13,USNFK,Coal,28.732,SYNTHETIC
2022-12-20,USNFK,Coal,25.536,SYNTHETIC
2022-12-27,USNFK,Coal,24.835,SYNTHETIC
2023-01-03,USNFK,Coal,26.895,SYNTHETIC
2023-01-10,USNFK,Coal,29.112,SYNTHETIC
2023-01-17,USNFK,Coal,28.483,SYNTHETIC
2023-01-24,USNFK,Coal,28.061,SYNTHETIC
2023-01-31,USNFK,Coal,28.059,SYNTHETIC
2023-02-07,USNFK,Coal,27.642,SYNTHETIC
2023-02-14,USNFK,Coal,28.595,SYNTHETIC
2023-02-21,USNFK,Coal,29.052,SYNTHETIC
2023-02-28,USNFK,Coal,28.513,SYNTHETIC
2023-03-07,USNFK,Coal,29.865,SYNTHETIC
2023-03-14,USNFK,Coal,27.94,SYNTHETIC
2023-03-21,USNFK,Coal,27.932,SYNTHETIC
2023-03-28,USNFK,Coal,27.205,SYNTHETIC
2023-04-04,USNFK,Coal,26.426,SYNTHETIC
2023-04-11,USNFK,Coal,27.765,SYNTHETIC
2023-04-18,USNFK,Coal,26.085,SYNTHETIC
2023-04-25,USNFK,Coal,27.27,SYNTHETIC
2023-05-02,USNFK,Coal,27.198,SYNTHETIC
2023-05-09,USNFK,Coal,28.286,SYNTHETIC
2023-05-16,USNFK,Coal,30.247,SYNTHETIC
2023-05-23,USNFK,Coal,30.827,SYNTHETIC
2023-05-30,USNFK,Coal,31.446,SYNTHETIC
2023-06-06,USNFK,Coal,29.479,SYNTHETIC
2023-06-13,USNFK,Coal,27.377,SYNTHETIC
2023-06-20,USNFK,Coal,26.748,SYNTHETIC
2023-06-27,USNFK,Coal,27.026,SYNTHETIC
2023-07-04,USNFK,Coal,27.826,SYNTHETIC
2023-07-11,USNFK,Coal,25.408,SYNTHETIC
2023-07-18,USNFK,Coal,26.275,SYNTHETIC
2023-07-25,USNFK,Coal,25.779,SYNTHETIC
2023-08-01,USNFK,Coal,25.545,SYNTHETIC
2023-08-08,USNFK,Coal,24.484,SYNTHETIC
2023-08-15,USNFK,Coal,25.3,SYNTHETIC
2023-08-22,USNFK,Coal,24.79,SYNTHETIC
2023-08-29,USNFK,Coal,24.728,SYNTHETIC
2023-09-05,USNFK,Coal,27.758,SYNTHETIC
2023-09-12,USNFK,Coal,26.171,SYNTHETIC
2023-09-19,USNFK,Coal,26.56,SYNTHETIC
2023-09-26,USNFK,Coal,22.827,SYNTHETIC
2023-10-03,USNFK,Coal,23.244,SYNTHETIC
2023-10-10,USNFK,Coal,24.32,SYNTHETIC
2023-10-17,USNFK,Coal,23.672,SYNTHETIC
2023-10-24,USNFK,Coal,24.424,SYNTHETIC
2023-10-31,USNFK,Coal,23.266,SYNTHETIC
2023-11-07,USNFK,Coal,26.132,SYNTHETIC
2023-11-14,USNFK,Coal,26.993,SYNTHETIC
2023-11-21,USNFK,Coal,27.93,SYNTHETIC
2023-11-28,USNFK,Coal,27.759,SYNTHETIC
2023-12-05,USNFK,Coal,28.794,SYNTHETIC
2023-12-12,USNFK,Coal,27.069,SYNTHETIC
2023-12-19,USNFK,Coal,26.05,SYNTHETIC
2023-12-26,USNFK,Coal,27.719,SYNTHETIC
2024-01-02,USNFK,Coal,29.468,SYNTHETIC
2024-01-09,USNFK,Coal,28.184,SYNTHETIC
2024-01-16,USNFK,Coal,30.629,SYNTHETIC
2024-01-23,USNFK,Coal,34.087,SYNTHETIC
2024-01-30,USNFK,Coal,35.198,SYNTHETIC
2024-02-06,USNFK,Coal,34.295,SYNTHETIC
2024-02-13,USNFK,Coal,35.343,SYNTHETIC
2024-02-20,USNFK,Coal,36.417,SYNTHETIC
2024-02-27,USNFK,Coal,35.291,SYNTHETIC
2024-03-05,USNFK,Coal,36.425,SYNTHETIC
2024-03-12,USNFK,Coal,36.323,SYNTHETIC
2024-03-19,USNFK,Coal,36.478,SYNTHETIC
2024-03-26,USNFK,Coal,35.07,SYNTHETIC
2024-04-02,USNFK,Coal,34.383,SYNTHETIC
2024-04-09,USNFK,Coal,33.454,SYNTHETIC
2024-04-16,USNFK,Coal,33.459,SYNTHETIC
2024-04-23,USNFK,Coal,31.254,SYNTHETIC
2024-04-30,USNFK,Coal,32.59,SYNTHETIC
2024-05-07,USNFK,Coal,30.104,SYNTHETIC
2024-05-14,USNFK,Coal,30.665,SYNTHETIC
2024-05-21,USNFK,Coal,31.038,SYNTHETIC
2024-05-28,USNFK,Coal,30.52,SYNTHETIC
2024-06-04,USNFK,Coal,28.934,SYNTHETIC
2024-06-11,USNFK,Coal,26.673,SYNTHETIC
2024-06-18,USNFK,Coal,29.779,SYNTHETIC
2024-06-25,USNFK,Coal,29.35,SYNTHETIC
2024-07-02,USNFK,Coal,28.574,SYNTHETIC
2024-07-09,USNFK,Coal,30.446,SYNTHETIC
2024-07-16,USNFK,Coal,31.017,SYNTHETIC
2024-07-23,USNFK,Coal,28.022,SYNTHETIC
2024-07-30,USNFK,Coal,26.565,SYNTHETIC
2024-08-06,USNFK,Coal,25.117,SYNTHETIC
2024-08-13,USNFK,Coal,26.777,SYNTHETIC
2024-08-20,USNFK,Coal,28.569,SYNTHETIC
2024-08-27,USNFK,Coal,31.749,SYNTHETIC
2024-09-03,USNFK,Coal,31.537,SYNTHETIC
2024-09-10,USNFK,Coal,33.225,SYNTHETIC
2024-09-17,USNFK,Coal,30.726,SYNTHETIC
2024-09-24,USNFK,Coal,32.374,SYNTHETIC
2024-10-01,USNFK,Coal,33.58,SYNTHETIC
2024-10-08,USNFK,Coal,31.546,SYNTHETIC
2024-10-15,USNFK,Coal,29.897,SYNTHETIC
2024-10-22,USNFK,Coal,30.602,SYNTHETIC
2024-10-29,USNFK,Coal,30.999,SYNTHETIC
2024-11-05,USNFK,Coal,30.453,SYNTHETIC
2024-11-12,USNFK,Coal,29.806,SYNTHETIC
2024-11-19,USNFK,Coal,36.423,SYNTHETIC
2024-11-26,USNFK,Coal,31.57,SYNTHETIC
2024-12-03,USNFK,Coal,30.836,SYNTHETIC
2024-12-10,USNFK,Coal,32.682,SYNTHETIC
2024-12-17,USNFK,Coal,33.26,SYNTHETIC
2024-12-24,USNFK,Coal,32.706,SYNTHETIC
2024-12-31,USNFK,Coal,35.608,SYNTHETIC
2025-01-07,USNFK,Coal,38.883,SYNTHETIC
2025-01-14,USNFK,Coal,39.9,SYNTHETIC
2025-01-21,USNFK,Coal,38.88,SYNTHETIC
2025-01-28,USNFK,Coal,37.427,SYNTHETIC
2025-02-04,USNFK,Coal,36.433,SYNTHETIC
2025-02-11,USNFK,Coal,36.391,SYNTHETIC
2025-02-18,USNFK,Coal,35.54,SYNTHETIC
2025-02-25,USNFK,Coal,34.178,SYNTHETIC
2025-03-04,USNFK,Coal,33.245,SYNTHETIC
2025-03-11,USNFK,Coal,34.077,SYNTHETIC
2025-03-18,USNFK,Coal,34.912,SYNTHETIC
2025-03-25,USNFK,Coal,33.287,SYNTHETIC
2025-04-01,USNFK,Coal,31.749,SYNTHETIC
2025-04-08,USNFK,Coal,33.23,SYNTHETIC
2025-04-15,USNFK,Coal,31.691,SYNTHETIC
2025-04-22,USNFK,Coal,29.824,SYNTHETIC
2025-04-29,USNFK,Coal,30.399,SYNTHETIC
2025-05-06,USNFK,Coal,32.887,SYNTHETIC
2025-05-13,USNFK,Coal,30.893,SYNTHETIC
2025-05-20,USNFK,Coal,29.455,SYNTHETIC
2025-05-27,USNFK,Coal,30.11,SYNTHETIC
2025-06-03,USNFK,Coal,32.973,SYNTHETIC
2025-06-10,USNFK,Coal,32.616,SYNTHETIC
2025-06-17,USNFK,Coal,31.399,SYNTHETIC
2025-06-24,USNFK,Coal,31.049,SYNTHETIC
2025-07-01,USNFK,Coal,32.918,SYNTHETIC
2025-07-08,USNFK,Coal,32.076,SYNTHETIC
2025-07-15,USNFK,Coal,32.023,SYNTHETIC
2025-07-22,USNFK,Coal,32.405,SYNTHETIC
2025-07-29,USNFK,Coal,30.45,SYNTHETIC
2025-08-05,USNFK,Coal,30.446,SYNTHETIC
2025-08-12,USNFK,Coal,30.529,SYNTHETIC
2025-08-19,USNFK,Coal,30.25,SYNTHETIC
2025-08-26,USNFK,Coal,30.364,SYNTHETIC
2025-09-02,USNFK,Coal,32.028,SYNTHETIC
2025-09-09,USNFK,Coal,32.664,SYNTHETIC
2025-09-16,USNFK,Coal,31.047,SYNTHETIC
2025-09-23,USNFK,Coal,32.318,SYNTHETIC
2025-09-30,USNFK,Coal,30.58,SYNTHETIC
2025-10-07,USNFK,Coal,31.193,SYNTHETIC
2025-10-14,USNFK,Coal,28.949,SYNTHETIC
2025-10-21,USNFK,Coal,28.346,SYNTHETIC
2025-10-28,USNFK,Coal,29.831,SYNTHETIC
2025-11-04,USNFK,Coal,31.142,SYNTHETIC
2025-11-11,USNFK,Coal,29.457,SYNTHETIC
2025-11-18,USNFK,Coal,30.059,SYNTHETIC
2025-11-25,USNFK,Coal,30.044,SYNTHETIC
2025-12-02,USNFK,Coal,32.053,SYNTHETIC
2025-12-09,USNFK,Coal,30.494,SYNTHETIC
2025-12-16,USNFK,Coal,31.547,SYNTHETIC
2025-12-23,USNFK,Coal,31.149,SYNTHETIC
2025-12-30,USNFK,Coal,34.274,SYNTHETIC
2026-01-06,USNFK,Coal,35.494,SYNTHETIC
2026-01-13,USNFK,Coal,35.151,SYNTHETIC
2026-01-20,USNFK,Coal,33.564,SYNTHETIC
2026-01-27,USNFK,Coal,32.989,SYNTHETIC
2026-02-03,USNFK,Coal,34.978,SYNTHETIC
2026-02-10,USNFK,Coal,35.181,SYNTHETIC
2026-02-17,USNFK,Coal,36.015,SYNTHETIC
2026-02-24,USNFK,Coal,36.29,SYNTHETIC
2026-03-03,USNFK,Coal,37.671,SYNTHETIC
2026-03-10,USNFK,Coal,37.46,SYNTHETIC
2026-03-17,USNFK,Coal,38.763,SYNTHETIC
2026-03-24,USNFK,Coal,40.727,SYNTHETIC
2026-03-31,USNFK,Coal,38.818,SYNTHETIC
2026-04-07,USNFK,Coal,37.702,SYNTHETIC
2026-04-14,USNFK,Coal,35.948,SYNTHETIC
2026-04-21,USNFK,Coal,35.731,SYNTHETIC
2026-04-28,USNFK,Coal,34.709,SYNTHETIC
2026-05-05,USNFK,Coal,31.201,SYNTHETIC
2026-05-12,USNFK,Coal,31.876,SYNTHETIC
2026-05-19,USNFK,Coal,35.799,SYNTHETIC
2026-05-26,USNFK,Coal,35.324,SYNTHETIC
2026-06-02,USNFK,Coal,33.964,SYNTHETIC
2026-06-09,USNFK,Coal,36.617,SYNTHETIC
2026-06-16,USNFK,Coal,37.142,SYNTHETIC
2026-06-23,USNFK,Coal,36.723,SYNTHETIC
2026-06-30,USNFK,Coal,35.278,SYNTHETIC
2026-07-07,USNFK,Coal,33.524,SYNTHETIC
2026-07-14,USNFK,Coal,33.775,SYNTHETIC
2026-07-21,USNFK,Coal,32.96,SYNTHETIC
2026-07-28,USNFK,Coal,33.192,SYNTHETIC
2026-08-04,USNFK,Coal,33.312,SYNTHETIC
2026-08-11,USNFK,Coal,31.971,SYNTHETIC
2026-08-18,USNFK,Coal,34.477,SYNTHETIC
2026-08-25,USNFK,Coal,36.389,SYNTHETIC
2026-09-01,USNFK,Coal,36.227,SYNTHETIC
