date,indicator,value,data_status
2022-09-13,bunker_price_vlsfo_usd_per_tonne,480.07,SYNTHETIC
2022-09-20,bunker_price_vlsfo_usd_per_tonne,480.13,SYNTHETIC
2022-09-27,bunker_price_vlsfo_usd_per_tonne,480.26,SYNTHETIC
2022-10-04,bunker_price_vlsfo_usd_per_tonne,481.13,SYNTHETIC
2022-10-11,bunker_price_vlsfo_usd_per_tonne,481.27,SYNTHETIC
2022-10-18,bunker_price_vlsfo_usd_per_tonne,480.19,SYNTHETIC
2022-10-25,bunker_price_vlsfo_usd_per_tonne,480.77,SYNTHETIC
2022-11-01,bunker_price_vlsfo_usd_per_tonne,480.82,SYNTHETIC
2022-11-08,bunker_price_vlsfo_usd_per_tonne,480.92,SYNTHETIC
2022-11-15,bunker_price_vlsfo_usd_per_tonne,481.33,SYNTHETIC
2022-11-22,bunker_price_vlsfo_usd_per_tonne,481.85,SYNTHETIC
2022-11-29,bunker_price_vlsfo_usd_per_tonne,483.21,SYNTHETIC
2022-12-06,bunker_price_vlsfo_usd_per_tonne,484.11,SYNTHETIC
2022-12-13,bunker_price_vlsfo_usd_per_tonne,484.51,SYNTHETIC
2022-12-20,bunker_price_vlsfo_usd_per_tonne,484.15,SYNTHETIC
2022-12-27,bunker_price_vlsfo_usd_per_tonne,483.54,SYNTHETIC
2023-01-03,bunker_price_vlsfo_usd_per_tonne,484.06,SYNTHETIC
2023-01-10,bunker_price_vlsfo_usd_per_tonne,485.53,SYNTHETIC
2023-01-17,bunker_price_vlsfo_usd_per_tonne,485.84,SYNTHETIC
2023-01-24,bunker_price_vlsfo_usd_per_tonne,486.01,SYNTHETIC
2023-01-31,bunker_price_vlsfo_usd_per_tonne,486.74,SYNTHETIC
2023-02-07,bunker_price_vlsfo_usd_per_tonne,485.67,SYNTHETIC
2023-02-14,bunker_price_vlsfo_usd_per_tonne,485.62,SYNTHETIC
2023-02-21,bunker_price_vlsfo_usd_per_tonne,486.28,SYNTHETIC
2023-02-28,bunker_price_vlsfo_usd_per_tonne,487.26,SYNTHETIC
2023-03-07,bunker_price_vlsfo_usd_per_tonne,487.22,SYNTHETIC
2023-03-14,bunker_price_vlsfo_usd_per_tonne,487.73,SYNTHETIC
2023-03-21,bunker_price_vlsfo_usd_per_tonne,488.1,SYNTHETIC
2023-03-28,bunker_price_vlsfo_usd_per_tonne,488.93,SYNTHETIC
2023-04-04,bunker_price_vlsfo_usd_per_tonne,488.04,SYNTHETIC
2023-04-11,bunker_price_vlsfo_usd_per_tonne,488.65,SYNTHETIC
2023-04-18,bunker_price_vlsfo_usd_per_tonne,487.38,SYNTHETIC
2023-04-25,bunker_price_vlsfo_usd_per_tonne,485.1,SYNTHETIC
2023-05-02,bunker_price_vlsfo_usd_per_tonne,484.63,SYNTHETIC
2023-05-09,bunker_price_vlsfo_usd_per_tonne,483.88,SYNTHETIC
2023-05-16,bunker_price_vlsfo_usd_per_tonne,484.74,SYNTHETIC
2023-05-23,bunker_price_vlsfo_usd_per_tonne,485.4,SYNTHETIC
2023-05-30,bunker_price_vlsfo_usd_per_tonne,484.35,SYNTHETIC
2023-06-06,bunker_price_vlsfo_usd_per_tonne,485.17,SYNTHETIC
2023-06-13,bunker_price_vlsfo_usd_per_tonne,484.32,SYNTHETIC
2023-06-20,bunker_price_vlsfo_usd_per_tonne,484.29,SYNTHETIC
2023-06-27,bunker_price_vlsfo_usd_per_tonne,484.09,SYNTHETIC
2023-07-04,bunker_price_vlsfo_usd_per_tonne,484.25,SYNTHETIC
2023-07-11,bunker_price_vlsfo_usd_per_tonne,485.06,SYNTHETIC
2023-07-18,bunker_price_vlsfo_usd_per_tonne,485.7,SYNTHETIC
2023-07-25,bunker_price_vlsfo_usd_per_tonne,486.1,SYNTHETIC
2023-08-01,bunker_price_vlsfo_usd_per_tonne,486.77,SYNTHETIC
2023-08-08,bunker_price_vlsfo_usd_per_tonne,487.29,SYNTHETIC
2023-08-15,bunker_price_vlsfo_usd_per_tonne,486.83,SYNTHETIC
2023-08-22,bunker_price_vlsfo_usd_per_tonne,486.31,SYNTHETIC
2023-08-29,bunker_price_vlsfo_usd_per_tonne,486.03,SYNTHETIC
2023-09-05,bunker_price_vlsfo_usd_per_tonne,486.63,SYNTHETIC
2023-09-12,bunker_price_vlsfo_usd_per_tonne,486.57,SYNTHETIC
2023-09-19,bunker_price_vlsfo_usd_per_tonne,488.86,SYNTHETIC
2023-09-26,bunker_price_vlsfo_usd_per_tonne,488.3,SYNTHETIC
2023-10-03,bunker_price_vlsfo_usd_per_tonne,487.52,SYNTHETIC
2023-10-10,bunker_price_vlsfo_usd_per_tonne,488.43,SYNTHETIC
2023-10-17,bunker_price_vlsfo_usd_per_tonne,489.94,SYNTHETIC
2023-10-24,bunker_price_vlsfo_usd_per_tonne,490.63,SYNTHETIC
2023-10-31,bunker_price_vlsfo_usd_per_tonne,491.62,SYNTHETIC
2023-11-07,bunker_price_vlsfo_usd_per_tonne,493.15,SYNTHETIC
2023-11-14,bunker_price_vlsfo_usd_per_tonne,493.31,SYNTHETIC
2023-11-21,bunker_price_vlsfo_usd_per_tonne,492.28,SYNTHETIC
2023-11-28,bunker_price_vlsfo_usd_per_tonne,492.06,SYNTHETIC
2023-12-05,bunker_price_vlsfo_usd_per_tonne,493.18,SYNTHETIC
2023-12-12,bunker_price_vlsfo_usd_per_tonne,492.14,SYNTHETIC
2023-12-19,bunker_price_vlsfo_usd_per_tonne,492.43,SYNTHETIC
2023-12-26,bunker_price_vlsfo_usd_per_tonne,492.92,SYNTHETIC
2024-01-02,bunker_price_vlsfo_usd_per_tonne,492.89,SYNTHETIC
2024-01-09,bunker_price_vlsfo_usd_per_tonne,493.79,SYNTHETIC
2024-01-16,bunker_price_vlsfo_usd_per_tonne,494.54,SYNTHETIC
2024-01-23,bunker_price_vlsfo_usd_per_tonne,496.85,SYNTHETIC
2024-01-30,bunker_price_vlsfo_usd_per_tonne,497.61,SYNTHETIC
2024-02-06,bunker_price_vlsfo_usd_per_tonne,497.24,SYNTHETIC
2024-02-13,bunker_price_vlsfo_usd_per_tonne,496.91,SYNTHETIC
2024-02-20,bunker_price_vlsfo_usd_per_tonne,496.32,SYNTHETIC
2024-02-27,bunker_price_vlsfo_usd_per_tonne,497.33,SYNTHETIC
2024-03-05,bunker_price_vlsfo_usd_per_tonne,496.95,SYNTHETIC
2024-03-12,bunker_price_vlsfo_usd_per_tonne,497.0,SYNTHETIC
2024-03-19,bunker_price_vlsfo_usd_per_tonne,497.77,SYNTHETIC
2024-03-26,bunker_price_vlsfo_usd_per_tonne,497.2,SYNTHETIC
2024-04-02,bunker_price_vlsfo_usd_per_tonne,497.01,SYNTHETIC
2024-04-09,bunker_price_vlsfo_usd_per_tonne,495.41,SYNTHETIC
2024-04-16,bunker_price_vlsfo_usd_per_tonne,494.48,SYNTHETIC
2024-04-23,bunker_price_vlsfo_usd_per_tonne,494.02,SYNTHETIC
2024-04-30,bunker_price_vlsfo_usd_per_tonne,494.43,SYNTHETIC
2024-05-07,bunker_price_vlsfo_usd_per_tonne,495.53,SYNTHETIC
2024-05-14,bunker_price_vlsfo_usd_per_tonne,495.52,SYNTHETIC
2024-05-21,bunker_price_vlsfo_usd_per_tonne,495.76,SYNTHETIC
2024-05-28,bunker_price_vlsfo_usd_per_tonne,495.91,SYNTHETIC
2024-06-04,bunker_price_vlsfo_usd_per_tonne,496.89,SYNTHETIC
2024-06-11,bunker_price_vlsfo_usd_per_tonne,497.68,SYNTHETIC
2024-06-18,bunker_price_vlsfo_usd_per_tonne,497.92,SYNTHETIC
2024-06-25,bunker_price_vlsfo_usd_per_tonne,497.0,SYNTHETIC
2024-07-02,bunker_price_vlsfo_usd_per_tonne,497.81,SYNTHETIC
2024-07-09,bunker_price_vlsfo_usd_per_tonne,498.15,SYNTHETIC
2024-07-16,bunker_price_vlsfo_usd_per_tonne,499.26,SYNTHETIC
2024-07-23,bunker_price_vlsfo_usd_per_tonne,499.24,SYNTHETIC
2024-07-30,bunker_price_vlsfo_usd_per_tonne,501.02,SYNTHETIC
2024-08-06,bunker_price_vlsfo_usd_per_tonne,500.72,SYNTHETIC
2024-08-13,bunker_price_vlsfo_usd_per_tonne,502.2,SYNTHETIC
2024-08-20,bunker_price_vlsfo_usd_per_tonne,502.34,SYNTHETIC
2024-08-27,bunker_price_vlsfo_usd_per_tonne,501.94,SYNTHETIC
2024-09-03,bunker_price_vlsfo_usd_per_tonne,501.0,SYNTHETIC
2024-09-10,bunker_price_vlsfo_usd_per_tonne,500.96,SYNTHETIC
2024-09-17,bunker_price_vlsfo_usd_per_tonne,502.35,SYNTHETIC
2024-09-24,bunker_price_vlsfo_usd_per_tonne,503.2,SYNTHETIC
2024-10-01,bunker_price_vlsfo_usd_per_tonne,503.95,SYNTHETIC
2024-10-08,bunker_price_vlsfo_usd_per_tonne,501.95,SYNTHETIC
2024-10-15,bunker_price_vlsfo_usd_per_tonne,502.75,SYNTHETIC
2024-10-22,bunker_price_vlsfo_usd_per_tonne,503.42,SYNTHETIC
2024-10-29,bunker_price_vlsfo_usd_per_tonne,503.1,SYNTHETIC
2024-11-05,bunker_price_vlsfo_usd_per_tonne,502.72,SYNTHETIC
2024-11-12,bunker_price_vlsfo_usd_per_tonne,502.92,SYNTHETIC
2024-11-19,bunker_price_vlsfo_usd_per_tonne,504.67,SYNTHETIC
2024-11-26,bunker_price_vlsfo_usd_per_tonne,503.92,SYNTHETIC
2024-12-03,bunker_price_vlsfo_usd_per_tonne,503.74,SYNTHETIC
2024-12-10,bunker_price_vlsfo_usd_per_tonne,505.17,SYNTHETIC
2024-12-17,bunker_price_vlsfo_usd_per_tonne,504.97,SYNTHETIC
2024-12-24,bunker_price_vlsfo_usd_per_tonne,504.84,SYNTHETIC
2024-12-31,bunker_price_vlsfo_usd_per_tonne,505.12,SYNTHETIC
2025-01-07,bunker_price_vlsfo_usd_per_tonne,504.19,SYNTHETIC
2025-01-14,bunker_price_vlsfo_usd_per_tonne,504.57,SYNTHETIC
2025-01-21,bunker_price_vlsfo_usd_per_tonne,503.65,SYNTHETIC
2025-01-28,bunker_price_vlsfo_usd_per_tonne,504.61,SYNTHETIC
2025-02-04,bunker_price_vlsfo_usd_per_tonne,504.76,SYNTHETIC
2025-02-11,bunker_price_vlsfo_usd_per_tonne,506.95,SYNTHETIC
2025-02-18,bunker_price_vlsfo_usd_per_tonne,507.31,SYNTHETIC
2025-02-25,bunker_price_vlsfo_usd_per_tonne,508.63,SYNTHETIC
2025-03-04,bunker_price_vlsfo_usd_per_tonne,507.53,SYNTHETIC
2025-03-11,bunker_price_vlsfo_usd_per_tonne,507.49,SYNTHETIC
2025-03-18,bunker_price_vlsfo_usd_per_tonne,507.82,SYNTHETIC
2025-03-25,bunker_price_vlsfo_usd_per_tonne,509.43,SYNTHETIC
2025-04-01,bunker_price_vlsfo_usd_per_tonne,507.92,SYNTHETIC
2025-04-08,bunker_price_vlsfo_usd_per_tonne,508.82,SYNTHETIC
2025-04-15,bunker_price_vlsfo_usd_per_tonne,509.33,SYNTHETIC
2025-04-22,bunker_price_vlsfo_usd_per_tonne,510.68,SYNTHETIC
2025-04-29,bunker_price_vlsfo_usd_per_tonne,511.28,SYNTHETIC
2025-05-06,bunker_price_vlsfo_usd_per_tonne,511.27,SYNTHETIC
2025-05-13,bunker_price_vlsfo_usd_per_tonne,510.73,SYNTHETIC
2025-05-20,bunker_price_vlsfo_usd_per_tonne,509.54,SYNTHETIC
2025-05-27,bunker_price_vlsfo_usd_per_tonne,509.64,SYNTHETIC
2025-06-03,bunker_price_vlsfo_usd_per_tonne,509.4,SYNTHETIC
2025-06-10,bunker_price_vlsfo_usd_per_tonne,511.14,SYNTHETIC
2025-06-17,bunker_price_vlsfo_usd_per_tonne,510.51,SYNTHETIC
2025-06-24,bunker_price_vlsfo_usd_per_tonne,510.73,SYNTHETIC
2025-07-01,bunker_price_vlsfo_usd_per_tonne,509.25,SYNTHETIC
2025-07-08,bunker_price_vlsfo_usd_per_tonne,508.83,SYNTHETIC
2025-07-15,bunker_price_vlsfo_usd_per_tonne,509.02,SYNTHETIC
2025-07-22,bunker_price_vlsfo_usd_per_tonne,509.72,SYNTHETIC
2025-07-29,bunker_price_vlsfo_usd_per_tonne,511.0,SYNTHETIC
2025-08-05,bunker_price_vlsfo_usd_per_tonne,510.93,SYNTHETIC
2025-08-12,bunker_price_vlsfo_usd_per_tonne,509.91,SYNTHETIC
2025-08-19,bunker_price_vlsfo_usd_per_tonne,510.33,SYNTHETIC
2025-08-26,bunker_price_vlsfo_usd_per_tonne,510.81,SYNTHETIC
2025-09-02,bunker_price_vlsfo_usd_per_tonne,511.29,SYNTHETIC
2025-09-09,bunker_price_vlsfo_usd_per_tonne,510.7,SYNTHETIC
2025-09-16,bunker_price_vlsfo_usd_per_tonne,511.78,SYNTHETIC
2025-09-23,bunker_price_vlsfo_usd_per_tonne,511.93,SYNTHETIC
2025-09-30,bunker_price_vlsfo_usd_per_tonne,512.65,SYNTHETIC
2025-10-07,bunker_price_vlsfo_usd_per_tonne,513.89,SYNTHETIC
2025-10-14,bunker_price_vlsfo_usd_per_tonne,514.54,SYNTHETIC
2025-10-21,bunker_price_vlsfo_usd_per_tonne,514.91,SYNTHETIC
2025-10-28,bunker_price_vlsfo_usd_per_tonne,516.96,SYNTHETIC
2025-11-04,bunker_price_vlsfo_usd_per_tonne,517.3,SYNTHETIC
2025-11-11,bunker_price_vlsfo_usd_per_tonne,517.16,SYNTHETIC
2025-11-18,bunker_price_vlsfo_usd_per_tonne,517.39,SYNTHETIC
2025-11-25,bunker_price_vlsfo_usd_per_tonne,518.86,SYNTHETIC
2025-12-02,bunker_price_vlsfo_usd_per_tonne,519.1,SYNTHETIC
2025-12-09,bunker_price_vlsfo_usd_per_tonne,519.69,SYNTHETIC
2025-12-16,bunker_price_vlsfo_usd_per_tonne,520.89,SYNTHETIC
2025-12-23,bunker_price_vlsfo_usd_per_tonne,520.55,SYNTHETIC
2025-12-30,bunker_price_vlsfo_usd_per_tonne,519.11,SYNTHETIC
2026-01-06,bunker_price_vlsfo_usd_per_tonne,519.49,SYNTHETIC
2026-01-13,bunker_price_vlsfo_usd_per_tonne,519.81,SYNTHETIC
2026-01-20,bunker_price_vlsfo_usd_per_tonne,519.35,SYNTHETIC
2026-01-27,bunker_price_vlsfo_usd_per_tonne,520.22,SYNTHETIC
2026-02-03,bunker_price_vlsfo_usd_per_tonne,520.84,SYNTHETIC
2026-02-10,bunker_price_vlsfo_usd_per_tonne,520.0,SYNTHETIC
2026-02-17,bunker_price_vlsfo_usd_per_tonne,520.51,SYNTHETIC
2026-02-24,bunker_price_vlsfo_usd_per_tonne,520.36,SYNTHETIC
2026-03-03,bunker_price_vlsfo_usd_per_tonne,519.04,SYNTHETIC
2026-03-10,bunker_price_vlsfo_usd_per_tonne,519.45,SYNTHETIC
2026-03-17,bunker_price_vlsfo_usd_per_tonne,519.4,SYNTHETIC
2026-03-24,bunker_price_vlsfo_usd_per_tonne,518.7,SYNTHETIC
2026-03-31,bunker_price_vlsfo_usd_per_tonne,519.13,SYNTHETIC
2026-04-07,bunker_price_vlsfo_usd_per_tonne,519.52,SYNTHETIC
2026-04-14,bunker_price_vlsfo_usd_per_tonne,518.93,SYNTHETIC
2026-04-21,bunker_price_vlsfo_usd_per_tonne,519.21,SYNTHETIC
2026-04-28,bunker_price_vlsfo_usd_per_tonne,520.04,SYNTHETIC
2026-05-05,bunker_price_vlsfo_usd_per_tonne,519.29,SYNTHETIC
2026-05-12,bunker_price_vlsfo_usd_per_tonne,519.53,SYNTHETIC
2026-05-19,bunker_price_vlsfo_usd_per_tonne,519.42,SYNTHETIC
2026-05-26,bunker_price_vlsfo_usd_per_tonne,521.34,SYNTHETIC
2026-06-02,bunker_price_vlsfo_usd_per_tonne,519.53,SYNTHETIC
2026-06-09,bunker_price_vlsfo_usd_per_tonne,520.03,SYNTHETIC
2026-06-16,bunker_price_vlsfo_usd_per_tonne,519.63,SYNTHETIC
2026-06-23,bunker_price_vlsfo_usd_per_tonne,519.42,SYNTHETIC
2026-06-30,bunker_price_vlsfo_usd_per_tonne,521.02,SYNTHETIC
2026-07-07,bunker_price_vlsfo_usd_per_tonne,520.9,SYNTHETIC
2026-07-14,bunker_price_vlsfo_usd_per_tonne,522.81,SYNTHETIC
2026-07-21,bunker_price_vlsfo_usd_per_tonne,522.3,SYNTHETIC
2026-07-28,bunker_price_vlsfo_usd_per_tonne,522.52,SYNTHETIC
2026-08-04,bunker_price_vlsfo_usd_per_tonne,522.0,SYNTHETIC
2026-08-11,bunker_price_vlsfo_usd_per_tonne,521.31,SYNTHETIC
2026-08-18,bunker_price_vlsfo_usd_per_tonne,521.31,SYNTHETIC
2026-08-25,bunker_price_vlsfo_usd_per_tonne,521.02,SYNTHETIC
2026-09-01,bunker_price_vlsfo_usd_per_tonne,521.18,SYNTHETIC
2026-09-08,bunker_price_vlsfo_usd_per_tonne,519.28,SYNTHETIC
2026-09-15,bunker_price_vlsfo_usd_per_tonne,521.1,SYNTHETIC
2026-09-22,bunker_price_vlsfo_usd_per_tonne,520.98,SYNTHETIC
2026-09-29,bunker_price_vlsfo_usd_per_tonne,522.59,SYNTHETIC
2026-10-06,bunker_price_vlsfo_usd_per_tonne,521.73,SYNTHETIC
2026-10-13,bunker_price_vlsfo_usd_per_tonne,522.05,SYNTHETIC
2026-10-20,bunker_price_vlsfo_usd_per_tonne,524.97,SYNTHETIC
2026-10-27,bunker_price_vlsfo_usd_per_tonne,524.26,SYNTHETIC
2026-11-03,bunker_price_vlsfo_usd_per_tonne,522.99,SYNTHETIC
2026-11-10,bunker_price_vlsfo_usd_per_tonne,522.6,SYNTHETIC
2026-11-17,bunker_price_vlsfo_usd_per_tonne,523.13,SYNTHETIC
2026-11-24,bunker_price_vlsfo_usd_per_tonne,523.86,SYNTHETIC
2026-12-01,bunker_price_vlsfo_usd_per_tonne,525.12,SYNTHETIC
2026-12-08,bunker_price_vlsfo_usd_per_tonne,524.99,SYNTHETIC
2026-12-15,bunker_price_vlsfo_usd_per_tonne,523.65,SYNTHETIC
2026-12-22,bunker_price_vlsfo_usd_per_tonne,523.36,SYNTHETIC
2026-12-29,bunker_price_vlsfo_usd_per_tonne,524.58,SYNTHETIC
2027-01-05,bunker_price_vlsfo_usd_per_tonne,525.08,SYNTHETIC
2027-01-12,bunker_price_vlsfo_usd_per_tonne,523.4,SYNTHETIC
2027-01-19,bunker_price_vlsfo_usd_per_tonne,523.44,SYNTHETIC
2027-01-26,bunker_price_vlsfo_usd_per_tonne,524.77,SYNTHETIC
2027-02-02,bunker_price_vlsfo_usd_per_tonne,526.73,SYNTHETIC
2027-02-09,bunker_price_vlsfo_usd_per_tonne,527.26,SYNTHETIC
2027-02-16,bunker_price_vlsfo_usd_per_tonne,527.55,SYNTHETIC
2027-02-23,bunker_price_vlsfo_usd_per_tonne,526.42,SYNTHETIC
2027-03-02,bunker_price_vlsfo_usd_per_tonne,525.65,SYNTHETIC
